abbr,name,Tmin [C],Tmax [C],mp [C],A [log10(atm)],B [K],C [K],SE [atm],ref,data_source,data_num,formula,IUPAC,CAS,smiles,phase,Tmid [C],P@25 [log10(atm)],P@100 [log10(atm)],P@200 [log10(atm)],P@500 [log10(atm)],P@min [log10(atm)],P@max [log10(atm)],P@mid [log10(atm)],data_type,P25_MAD,P25_mean,P25_SD,P25_median,num_valid,num_outliers
"2,4-DNT","2,4-Dinitrotoluene",44.85,64.85,69.85,10.21847657,4972.237523,0.0,,F�lix-Rivera 2011,F�lix-Rivera 2011,10,C7H6N2O4,"1-methyl-2,4-dinitrobenzene",121-14-2,O=N(=O)C1=CC=C(C(=C1)N(=O)=O)C,solid,54.849999999999994,-6.45848979927721,-3.1065603400897768,-0.29032090014688805,3.7873344591547564,-5.417490483459119,-4.492285332366864,-4.940784170853657,valid,0.04619783053077242,-6.459055665708203,0.08582237605825017,-6.47180233717005,5,1
"2,4-DNT","2,4-Dinitrotoluene",-3.0,42.0,70.0,10.28,4948.0,0.0,,Freedman 2008 [55],Ewing 2013,1,C7H6N2O4,"1-methyl-2,4-dinitrobenzene",121-14-2,O=N(=O)C1=CC=C(C(=C1)N(=O)=O)C,solid,19.5,-6.315673318799265,-2.9800830765107875,-0.17757159463172556,3.8802069456121053,-8.035750508976497,-5.42046009836586,-6.627568768153084,valid,0.04619783053077242,-6.459055665708203,0.08582237605825017,-6.47180233717005,5,1
"2,4-DNT","2,4-Dinitrotoluene",59.0,69.0,70.0,10.71,5129.0,0.0,,Lenchitz 1970 [51],Ewing 2013,1,C7H6N2O4,"1-methyl-2,4-dinitrobenzene",121-14-2,O=N(=O)C1=CC=C(C(=C1)N(=O)=O)C,solid,64.0,-6.492750293476437,-3.0351427040064323,-0.13011412871182415,4.076099721916834,-4.731818455517086,-4.280501242145258,-4.502813287854071,valid,0.04619783053077242,-6.459055665708203,0.08582237605825017,-6.47180233717005,5,1
"2,4-DNT","2,4-Dinitrotoluene",200.0,299.0,70.0,5.14,3039.0,0.0,,Maksimov 1968 [25],Ewing 2013,1,C7H6N2O4,"1-methyl-2,4-dinitrobenzene",121-14-2,O=N(=O)C1=CC=C(C(=C1)N(=O)=O)C,liquid,249.5,-5.052855944994131,-3.0041779445263304,-1.282910282151538,1.209326780055616,-1.282910282151538,-0.17154417547845924,-0.6745986798048413,valid,0.37813013583766564,-5.430986080831797,0.5347567664436075,-5.430986080831797,2,0
"2,4-DNT","2,4-Dinitrotoluene",81.0,165.0,70.0,6.48,3664.0,0.0,,Molard 1958 [66],Ewing 2013,1,C7H6N2O4,"1-methyl-2,4-dinitrobenzene",121-14-2,O=N(=O)C1=CC=C(C(=C1)N(=O)=O)C,liquid,123.0,-5.809116216669462,-3.339107597480906,-1.2638444467927714,1.7409454827653112,-3.8658986305237892,-1.8824329567499714,-2.769021835163448,valid,0.37813013583766564,-5.430986080831797,0.5347567664436075,-5.430986080831797,2,0
"2,4-DNT","2,4-Dinitrotoluene",4.0,71.0,70.0,10.2,4992.0,0.0,,Pella 1976 [44],Ewing 2013,1,C7H6N2O4,"1-methyl-2,4-dinitrobenzene",121-14-2,O=N(=O)C1=CC=C(C(=C1)N(=O)=O)C,solid,37.5,-6.543250041925209,-3.1779981240787905,-0.3505653598224683,3.743296902282868,-7.8119069096157325,-4.305302920238271,-5.869531627233222,valid,0.04619783053077242,-6.459055665708203,0.08582237605825017,-6.47180233717005,5,1
"2,4-DNT","2,4-Dinitrotoluene",32.0,73.0,70.0,10.02,4921.0,0.0,,Rittfeldt 2001 [33],Ewing 2013,1,C7H6N2O4,"1-methyl-2,4-dinitrobenzene",121-14-2,O=N(=O)C1=CC=C(C(=C1)N(=O)=O)C,solid,52.5,-6.485114875062891,-3.16772611550315,-0.38050723871922365,3.655129017655047,-6.106495166311653,-4.196380182002024,-5.091315829878706,valid,0.04619783053077242,-6.459055665708203,0.08582237605825017,-6.47180233717005,5,1
"2,4-DNT","2,4-Dinitrotoluene",27.0,73.0,70.0,8.25,4309.0,0.0,,Rittfeldt 2001 [33],Ewing 2013,1,C7H6N2O4,"1-methyl-2,4-dinitrobenzene",121-14-2,O=N(=O)C1=CC=C(C(=C1)N(=O)=O)C,solid,50.0,-6.202456817038405,-3.297634999330029,-0.8570485047025258,2.6766959839617153,-6.106155255705481,-4.198360537339305,-5.084364846046729,outlier,0.04619783053077242,-6.459055665708203,0.08582237605825017,-6.47180233717005,5,1
"2,6-DNT","2,6-Dinitrotoluene",2.0,52.0,70.0,11.47,5203.0,0.0,,Freedman 2008 [55],Ewing 2013,1,C7H6N2O4,"2-methyl-1,3-dinitrobenzene",606-20-2,O=N(=O)C1=CC=CC(=C1C)N(=O)=O,solid,27.0,-5.980947509642798,-2.473454374916253,0.47348726619465253,4.740387376317662,-7.43968562602217,-4.531845302168231,-5.864666000333168,valid,0.07267147409022368,-6.053618983733021,0.1027729842560393,-6.053618983733021,2,0
"2,6-DNT","2,6-Dinitrotoluene",71.0,153.0,70.0,6.52,3586.0,0.0,,Molard 1958 [66],Ewing 2013,1,C7H6N2O4,"2-methyl-1,3-dinitrobenzene",606-20-2,O=N(=O)C1=CC=CC(=C1C)N(=O)=O,liquid,112.0,-5.507502934764382,-3.090076376792176,-1.0589918630455468,1.8818314686671407,-3.8998750544820577,-1.8948773905901692,-2.7906581851226804,valid,,,,,1,0
"2,6-DNT","2,6-Dinitrotoluene",4.0,50.0,70.0,11.11,5139.0,0.0,,Pella 1976 [44],Ewing 2013,1,C7H6N2O4,"2-methyl-1,3-dinitrobenzene",606-20-2,O=N(=O)C1=CC=CC(=C1C)N(=O)=O,solid,27.0,-6.126290457823245,-2.661941578453707,0.24875092465391369,4.463165621160188,-7.432305610680139,-4.792831502398268,-6.011439280359824,valid,0.07267147409022368,-6.053618983733021,0.1027729842560393,-6.053618983733021,2,0
2AE,2-aminoethanol,65.45,170.95,10.31,4.28680327,1408.873,-116.093,,Matthews 1950,NIST,2,C2H7NO,2-aminoethanol,141-43-5,OCCN,liquid,118.19999999999999,-3.451833530562463,-1.1939772572760523,0.34101030137034094,2.1425859494326827,-2.0450110100001817,-0.00844957521367018,-0.8315879062461997,valid,0.10621903481912609,-3.345614495743337,0.15021639962338812,-3.345614495743337,2,0
2AE,2-aminoethanol,-14.98,10.0,10.3,11.81723725,5031.010743,38.72190213,0.005452509,Ruzika 2015,Ruzika 2015,13,C2H7NO,2-aminoethanol,141-43-5,OCCN,solid,-2.49,-3.117254796352137,-0.39775172346984355,1.9885853508334872,5.620433628885871,-5.128360480708979,-3.8132378231800086,-4.444252864201983,valid,,,,,1,0
2AE,2-aminoethanol,12.5,30.01,10.3,5.99630133,2400.286359,-38.25771322,0.001200461,Ruzika 2015,Ruzika 2015,13,C2H7NO,2-aminoethanol,141-43-5,OCCN,liquid,21.255000000000003,-3.239395460924211,-1.1710371061247322,0.4770349921855539,2.730126950191114,-3.7060478832336248,-3.0647241076302407,-3.3744259151476754,valid,0.10621903481912609,-3.345614495743337,0.15021639962338812,-3.345614495743337,2,0
2-MNT,2-Nitrotoluene,115.0,175.0,-2.15,4.44770327,1906.532,-65.441,,Aim 1994,Aim 1994,32,C7H7NO2,1-methyl-2-nitrobenzene,88-72-2,O=N(=O)C=1C=CC=CC1C,liquid,145.0,-3.7450696781885107,-1.7481896028116513,-0.22850451545482287,1.753754203363854,-1.460195177207857,-0.5339721021495976,-0.9576932466752206,valid,0.07147259757660329,-3.6676178741593604,0.07812544034487466,-3.687442846438356,10,2
2-MNT,2-Nitrotoluene,50.0,220.0,-2.15,5.09203327,2513.0,0.0,,Berliner 1926,Aim 1994,32,C7H7NO2,1-methyl-2-nitrobenzene,88-72-2,O=N(=O)C=1C=CC=CC1C,liquid,135.0,-3.3366100303521726,-1.642523878599759,-0.2191788191894748,1.8416937498551378,-2.684541076278818,-0.0037793630731020045,-1.065016834128385,outlier,0.07147259757660329,-3.6676178741593604,0.07812544034487466,-3.687442846438356,10,2
2-MNT,2-Nitrotoluene,129.31,222.15,-2.15,3.28735327,1130.679,-151.524,,Dreisbach 1949,NIST,2,C7H7NO2,1-methyl-2-nitrobenzene,88-72-2,O=N(=O)C=1C=CC=CC1C,liquid,175.73000000000002,-4.423959866824303,-1.8143902077508058,-0.228155426436234,1.4684476901175625,-1.2184928421560879,-0.001645962058085093,-0.5150889205056566,outlier,0.07147259757660329,-3.6676178741593604,0.07812544034487466,-3.687442846438356,10,2
2-MNT,2-Nitrotoluene,129.0,222.0,-2.15,4.61372327,2086.1,-43.15,,Dreisbach 1949,Aim 1994,32,C7H7NO2,1-methyl-2-nitrobenzene,88-72-2,O=N(=O)C=1C=CC=CC1C,liquid,175.5,-3.5670610437254906,-1.707791881515151,-0.23767207883720864,1.7560520371232884,-1.1971402397493032,-0.0015422167256629038,-0.5307896769790377,valid,0.07147259757660329,-3.6676178741593604,0.07812544034487466,-3.687442846438356,10,2
2-MNT,2-Nitrotoluene,129.0,222.0,-2.15,4.31471327,1827.66,-71.63,,Dykyj 1979,Aim 1994,32,C7H7NO2,1-methyl-2-nitrobenzene,88-72-2,O=N(=O)C=1C=CC=CC1C,liquid,175.5,-3.753713358995233,-1.7467751884770495,-0.23713968875672453,1.7094276045877526,-1.2149369780939132,-0.0006909612051382297,-0.5329340696636784,valid,0.07147259757660329,-3.6676178741593604,0.07812544034487466,-3.687442846438356,10,2
2-MNT,2-Nitrotoluene,138.0,222.0,-2.15,5.40988327,2677.4,0.0,,Hara 1976,Aim 1994,32,C7H7NO2,1-methyl-2-nitrobenzene,88-72-2,O=N(=O)C=1C=CC=CC1C,liquid,180.0,-3.5701603322136517,-1.7652473745129313,-0.2487873418567057,1.9469071334158956,-1.1020953266192395,0.0026329418166204377,-0.4985355758567813,valid,0.07147259757660329,-3.6676178741593604,0.07812544034487466,-3.687442846438356,10,2
2-MNT,2-Nitrotoluene,82.0,119.0,-2.15,5.99018327,2898.02,0.0,,Kahlbaum 1898,Aim 1994,32,C7H7NO2,1-methyl-2-nitrobenzene,88-72-2,O=N(=O)C=1C=CC=CC1C,liquid,100.5,-3.729823438032869,-1.7761841425686722,-0.13476653450174414,2.2418550025227963,-2.1698054671533162,-1.3998970564057123,-1.765791572767296,valid,0.07147259757660329,-3.6676178741593604,0.07812544034487466,-3.687442846438356,10,2
2-MNT,2-Nitrotoluene,114.0,220.0,-2.15,5.09638327,2380.18,-26.333,,Levin 1938,Aim 1994,32,C7H7NO2,1-methyl-2-nitrobenzene,88-72-2,O=N(=O)C=1C=CC=CC1C,liquid,167.0,-3.6601698521373196,-1.766544441156027,-0.23058504141160707,1.909283886884725,-1.5002571321983442,-0.002359920586461506,-0.6553862319779276,valid,0.07147259757660329,-3.6676178741593604,0.07812544034487466,-3.687442846438356,10,2
2-MNT,2-Nitrotoluene,90.0,223.0,-2.15,5.40838327,2689.06,0.0,,Salachijev 1973,Aim 1994,32,C7H7NO2,1-methyl-2-nitrobenzene,88-72-2,O=N(=O)C=1C=CC=CC1C,liquid,156.5,-3.6107681638420264,-1.7979948621184514,-0.2749306896322521,1.930325971933648,-1.9964356753393915,-0.011469597076489535,-0.8503389457570121,valid,0.07147259757660329,-3.6676178741593604,0.07812544034487466,-3.687442846438356,10,2
2-MNT,2-Nitrotoluene,7.68,88.84,-2.15,4.369483116,1872.171347,-67.32628871,0.001011278,Stejfa 2021,Stejfa 2021,12,C7H7NO2,1-methyl-2-nitrobenzene,88-72-2,O=N(=O)C=1C=CC=CC1C,liquid,48.260000000000005,-3.7413445651642636,-1.7522506733878913,-0.24377947787084953,1.7170200192611231,-4.399316900113295,-1.984103278482963,-2.9988418250001967,valid,0.07147259757660329,-3.6676178741593604,0.07812544034487466,-3.687442846438356,10,2
2-MNT,2-Nitrotoluene,50.0,222.0,-2.15,5.11265327,2448.83,-16.546,,"Stull 1947, Wichterle 1970",Aim 1994,32,C7H7NO2,1-methyl-2-nitrobenzene,88-72-2,O=N(=O)C=1C=CC=CC1C,liquid,136.0,-3.5833524685548506,-1.7544317879354132,-0.2504841532376414,1.8760460091343423,-2.8742940627158156,-0.003956704007738843,-1.1247513412622387,valid,0.07147259757660329,-3.6676178741593604,0.07812544034487466,-3.687442846438356,10,2
2-MNT,2-Nitrotoluene,10.0,40.0,-2.15,6.693228117,3103.128491,0.0,0.008511652,Widegreen 2010,Widegreen 2010,4,C7H7NO2,1-methyl-2-nitrobenzene,88-72-2,O=N(=O)C=1C=CC=CC1C,liquid,25.0,-3.7147158407393928,-1.6228069654065393,0.13478261134640146,2.679610460659057,-4.2660814044550595,-3.21617150299042,-3.7147158407393928,valid,0.07147259757660329,-3.6676178741593604,0.07812544034487466,-3.687442846438356,10,2
34-DNP,"3,4-dinitropyrazole",200.0,470.0,87.5,7.422092696,4751.181632,0.0,,Sinditskii 2017,Sinditskii 2017,33,C3H2N4O4,"4,5-dinitro-1H-pyrazole",,C1=NNC(=C1[N+](=O)[O-])[N+](=O)[O-],liquid,335.0,-8.513448581880262,-5.3105393072158655,-2.6195043281995147,1.276866501859148,-2.6195043281995147,1.0287917042755836,-0.39042334773920917,valid,,,,,1,0
35-DNP,"3,5-dinitropyrazole",111.46,168.3,168.3,11.01,5475.2,0.0,,Gorn 2020,Gorn 2020,7,C3H2N4O4,"3,5-dinitro-1H-pyrazole",,C1=C(NN=C1[N+](=O)[O-])[N+](=O)[O-],solid,139.88,-7.353910783162837,-3.6629197373710305,-0.561805981189897,3.9283211537217877,-3.225719300070203,-1.3927636198890028,-2.246179938503257,valid,,,,,1,0
35-DNP,"3,5-dinitropyrazole",226.85,351.85,168.3,8.2673,4247.4,0.0,,Gorn 2020,Gorn 2020,7,C3H2N4O4,"3,5-dinitro-1H-pyrazole",,C1=C(NN=C1[N+](=O)[O-])[N+](=O)[O-],liquid,289.35,-5.978549404662083,-3.1152539327348236,-0.7095572334354845,2.7736700446226488,-0.22749999999999915,1.4714600000000013,0.7163666666666675,valid,,,,,1,0
3-MNT,3-Nitrotoluene,124.0,179.0,15.44,4.49437327,1993.739,-61.629,,Aim 1994,Aim 1994,32,C7H7NO2,1-methyl-3-nitrobenzene,99-08-1,O=N(=O)C1=CC=CC(=C1)C,liquid,151.5,-3.9350642852276545,-1.90564149625974,-0.35043173387586624,1.6922929378664433,-1.4478449518102607,-0.6109578133476319,-0.9977029459764877,valid,0.14396941440962374,-3.7379239328213867,0.20016053256471886,-3.6876267447785662,8,0
3-MNT,3-Nitrotoluene,50.0,232.0,15.44,5.18471327,2618.2,0.0,,Berliner 1926,Aim 1994,32,C7H7NO2,1-methyl-3-nitrobenzene,99-08-1,O=N(=O)C1=CC=CC(=C1)C,liquid,141.0,-3.5967725592805646,-1.8317680377850731,-0.3488384577818877,1.7983070098952334,-2.9174064886260247,0.0016983239443728593,-1.1371507889158519,valid,0.14396941440962374,-3.7379239328213867,0.20016053256471886,-3.6876267447785662,8,0
3-MNT,3-Nitrotoluene,80.0,232.0,15.44,4.99886327,2481.45,-8.58,,Dykyj 1979,Aim 1994,32,C7H7NO2,1-methyl-3-nitrobenzene,99-08-1,O=N(=O)C1=CC=CC(=C1)C,liquid,156.0,-3.570567264931104,-1.8076485110022764,-0.34252769368684977,1.7533134838456914,-2.2027213136840116,0.0016826106770446714,-0.9013435921156994,valid,0.14396941440962374,-3.7379239328213867,0.20016053256471886,-3.6876267447785662,8,0
3-MNT,3-Nitrotoluene,140.0,233.0,15.44,5.11018327,2586.2,0.0,,Hara 1976,Aim 1994,32,C7H7NO2,1-methyl-3-nitrobenzene,99-08-1,O=N(=O)C1=CC=CC(=C1)C,liquid,186.5,-3.563974033370787,-1.8205416395537988,-0.35573662855225585,1.765166132316498,-1.149528699018516,0.0006307658016400097,-0.5162716413455888,valid,0.14396941440962374,-3.7379239328213867,0.20016053256471886,-3.6876267447785662,8,0
3-MNT,3-Nitrotoluene,171.0,207.0,15.44,4.45140327,1900.49,-74.311,,Levin 1938,Aim 1994,32,C7H7NO2,1-methyl-3-nitrobenzene,99-08-1,O=N(=O)C1=CC=CC(=C1)C,liquid,189.0,-4.039029585757934,-1.9081749644339272,-0.3136523038029635,1.7319070770285143,-0.6872922164143596,-0.23146358114047771,-0.44880016493047403,valid,0.14396941440962374,-3.7379239328213867,0.20016053256471886,-3.6876267447785662,8,0
3-MNT,3-Nitrotoluene,90.0,232.0,15.44,5.12918327,2579.75,0.0,,Salachijev 1973,Aim 1994,32,C7H7NO2,1-methyl-3-nitrobenzene,99-08-1,O=N(=O)C1=CC=CC(=C1)C,liquid,161.0,-3.523340627367098,-1.7842563655353079,-0.3231045879731589,1.7925086273045339,-1.974630581025747,0.022284329091359467,-0.8128874428872512,valid,0.14396941440962374,-3.7379239328213867,0.20016053256471886,-3.6876267447785662,8,0
3-MNT,3-Nitrotoluene,50.0,207.0,15.44,4.07976327,1778.69,-71.803,,"Stull 1947, Wichterle 1970",Aim 1994,32,C7H7NO2,1-methyl-3-nitrobenzene,99-08-1,O=N(=O)C1=CC=CC(=C1)C,liquid,128.5,-3.778480930276568,-1.8227013306099291,-0.3520376404341139,1.5436577473414586,-2.9968678415708574,-0.2760664532500794,-1.312706572078297,valid,0.14396941440962374,-3.7379239328213867,0.20016053256471886,-3.6876267447785662,8,0
3-MNT,3-Nitrotoluene,20.0,40.0,15.44,6.050000963,2965.44854,0.0,0.014234118,Widegreen 2010,Widegreen 2010,4,C7H7NO2,1-methyl-3-nitrobenzene,99-08-1,O=N(=O)C1=CC=CC(=C1)C,liquid,30.0,-3.8961621763593834,-1.8970673473309665,-0.21745870095434938,2.2144599424994498,-4.065805074864575,-3.4197373093934216,-3.7321152830827975,valid,0.14396941440962374,-3.7379239328213867,0.20016053256471886,-3.6876267447785662,8,0
AN,Ammonium nitrate,135.0,260.0,169.0,8.018774782,4444.569728,0.0,,Brady 2012,Brady 2012,3,NH4NO3,azanium;nitrate,6484-52-2,O=N(=O)O.N,Unknown,197.5,-6.888385130795575,-3.8921718292823293,-1.374799619352638,2.27012351381142,-2.8707749619666814,-0.31765910714939594,-1.4246964344028488,outlier,0.03834398671104999,-7.080918466732407,0.0383805189866603,-7.061263175609092,3,1
AN,Ammonium nitrate,138.0,222.0,169.0,8.453069264,4630.882061,0.0,,Brady 2012,Brady 2012,3,NH4NO3,azanium;nitrate,6484-52-2,O=N(=O)O.N,Unknown,180.0,-7.078985275661246,-3.9571734292868843,-1.3342752588785807,2.463439747088662,-2.8101730101092066,-0.8994139451285488,-1.7662445636508899,valid,0.03834398671104999,-7.080918466732407,0.0383805189866603,-7.061263175609092,3,1
AN,Ammonium nitrate,136.0,224.0,169.0,8.526899326,4665.191325,0.0,,Brady 2012,Brady 2012,3,NH4NO3,azanium;nitrate,6484-52-2,O=N(=O)O.N,Unknown,180.0,-7.120229048979038,-3.975288333118316,-1.332957643248653,2.4928938613424307,-2.8752547128610537,-0.8569713870644673,-1.768127320805693,valid,0.03834398671104999,-7.080918466732407,0.0383805189866603,-7.061263175609092,3,1
AN,Ammonium nitrate,137.0,262.0,169.0,8.374896258,4597.007091,0.0,,Brady 2012,Brady 2012,3,NH4NO3,azanium;nitrate,6484-52-2,O=N(=O)O.N,Unknown,199.5,-7.043541075556938,-3.94456532849337,-1.3408536965598667,2.4290809685994947,-2.833215630333539,-0.21523191354069127,-1.3511316506004452,valid,0.03834398671104999,-7.080918466732407,0.0383805189866603,-7.061263175609092,3,1
AN,Ammonium nitrate,170.0,240.0,170.0,7.1088,4358.4,0.0,0.030488201,Brandner 1962 [41],Ewing 2013,1,NH4NO3,azanium;nitrate,6484-52-2,O=N(=O)O.N,liquid,205.0,-7.509345228911623,-4.571221439099557,-2.1026551410757692,1.471601526223889,-2.7262445673022677,-1.3846229757380888,-2.0063312349681057,valid,0.0070521884957233105,-7.516397417407346,0.009973300615063421,-7.516397417407346,2,0
AN,Ammonium nitrate,76.0,165.0,170.0,7.853,4679.8,0.0,0.03310744,Brandner 1962 [41],Ewing 2013,1,NH4NO3,azanium;nitrate,6484-52-2,O=N(=O)O.N,solid,120.5,-7.843126111017947,-4.688337263834921,-2.037732325900878,1.8000995279053216,-5.550408277244738,-2.827817071779073,-4.035225581099963,valid,0.10446771759181672,-7.8729203756498425,0.21907945255464278,-7.843126111017947,5,0
AN,Ammonium nitrate,40.0,87.0,170.0,8.39,4783.0,0.0,,Chien 2010 [63],Ewing 2013,1,NH4NO3,azanium;nitrate,6484-52-2,O=N(=O)O.N,solid,63.5,-7.652260607076975,-4.42790164813078,-1.7188449751664372,2.203619608096748,-6.883830432699984,-4.890577537137304,-5.817634041289173,valid,0.10446771759181672,-7.8729203756498425,0.21907945255464278,-7.843126111017947,5,0
AN,Ammonium nitrate,40.0,80.0,170.0,3.97,3541.0,0.0,,Dionne 1986 [40],Ewing 2013,1,NH4NO3,azanium;nitrate,6484-52-2,O=N(=O)O.N,solid,60.0,-7.906572195203756,-5.519481441779446,-3.5138846031913773,-0.6099650779279568,-7.337680025546863,-6.056900750389353,-6.658845865225874,valid,0.10446771759181672,-7.8729203756498425,0.21907945255464278,-7.843126111017947,5,0
AN,Ammonium nitrate,188.2,249.1,170.0,7.09,4357.0,0.0,,Feick 1954 [37],Ewing 2013,1,NH4NO3,azanium;nitrate,6484-52-2,O=N(=O)O.N,liquid,218.64999999999998,-7.523449605903069,-4.5862695966769405,-2.1184962485469736,1.4546123003298197,-2.3540229760485545,-1.2527477261847775,-1.769292395282637,valid,0.0070521884957233105,-7.516397417407346,0.009973300615063421,-7.516397417407346,2,0
AN,Ammonium nitrate,60.0,87.0,170.0,8.26,4770.0,0.0,,Hildenbrand 2010 [62],Ewing 2013,1,NH4NO3,azanium;nitrate,6484-52-2,O=N(=O)O.N,solid,73.5,-7.73865839342613,-4.523063111349325,-1.8213695445419003,2.090433939080385,-6.057874831157138,-4.984481466055811,-5.500276936391174,valid,0.10446771759181672,-7.8729203756498425,0.21907945255464278,-7.843126111017947,5,0
AN,Ammonium nitrate,100.0,160.0,170.0,10.26,5511.0,0.0,,Oxley 2010 [47],Ewing 2013,1,NH4NO3,azanium;nitrate,6484-52-2,O=N(=O)O.N,solid,130.0,-8.223984571524403,-4.50885970789227,-1.3874690901405486,3.1320170730129986,-4.50885970789227,-2.463075147177653,-3.4098499317871767,valid,0.10446771759181672,-7.8729203756498425,0.21907945255464278,-7.843126111017947,5,0
ANI,Aniline,57.3,115.0,-6.15,4.153467245,1549.124776,-85.92423108,0.015442109,Gould 1947,Gould 1947,19,C6H7N,Aniline,62-53-3,NC=1C=CC=CC1,liquid,86.15,-3.1459515950559114,-1.23993732947421,0.15289470996283328,1.899295696056913,-2.181753712864845,-0.9722531114599349,-1.5131826637317891,valid,0.028816796674935752,-3.107047364720179,0.03729378131160845,-3.1039525886674584,4,0
ANI,Aniline,30.85,183.85,-6.15,4.33969327,1661.858,-74.048,,Hatton 1962,NIST,2,C6H7N,Aniline,62-53-3,NC=1C=CC=CC1,liquid,107.35,-3.075938897495159,-1.2164648299124048,0.1757001053453502,1.9625608916060027,-2.8872845340634568,9.457355762609865e-05,-1.083204932654902,valid,0.028816796674935752,-3.107047364720179,0.03729378131160845,-3.1039525886674584,4,0
ANI,Aniline,4.2,77.66,-6.15,5.671900195,2462.424777,-16.60881417,0.043341894,Maher 1980,Maher 1980,18,C6H7N,Aniline,62-53-3,NC=1C=CC=CC1,liquid,40.93,-3.0743326864898863,-1.2345242935697236,0.27824710645494743,2.4170545592022896,-3.7720423458054677,-1.6961908872757405,-2.6059596257062543,valid,0.028816796674935752,-3.107047364720179,0.03729378131160845,-3.1039525886674584,4,0
ANI,Aniline,76.817,225.696,-6.15,4.283582762,1613.645479,-80.54703225,0.000344308,Steele 2002,Steele 2002,17,C6H7N,Aniline,62-53-3,NC=1C=CC=CC1,liquid,151.2565,-3.131966279839758,-1.2312125642685263,0.17346233105223785,1.9537552069115312,-1.705748661635731,0.4259459916305133,-0.4091642184995665,valid,0.028816796674935752,-3.107047364720179,0.03729378131160845,-3.1039525886674584,4,0
AP,Ammonium perchlorate,247.0,347.0,347.0,7.68,6284.0,0.0,,Inami 1963 [45],Ewing 2013,1,NH4ClO4,azanium;perchlorate,7790-98-9,O=Cl(=O)(=O)O.N,solid,297.0,-13.39663927553245,-9.160412702666488,-5.6012004649688265,-0.4477889154756518,-4.401130443141403,-2.453032330887689,-3.3416609664123484,valid,,,,,1,0
BDNPA,"Bis(2,2-dinitropropyl)acetal",80.0,110.0,32.0,8.43428327,4851.4,0.0,,Rauch 2007,Rauch 2007,14,C8H14N4O10,"1-[1-(2,2-dinitropropoxy)ethoxy]-2,2-dinitropropane",5108-69-0,O=N(=O)C(N(=O)=O)(C)COC(OCC(N(=O)=O)(N(=O)=O)C)C,liquid,95.0,-7.837392061209124,-4.566922679350128,-1.8191247401447743,2.1594336289212963,-5.30322203935863,-4.227598499541955,-4.743497525871248,valid,,,,,1,0
BDNPF,Bis(dinitropropyl) formal,80.0,110.0,31.0,7.16928327,4420.7,0.0,,Rauch 2007,Rauch 2007,14,C7H12N4O10,"1-(2,2-dinitropropoxymethoxy)-2,2-dinitropropane",5917-61-3,O=N(=O)C(N(=O)=O)(C)COCOCC(N(=O)=O)(N(=O)=O)C,liquid,95.0,-7.657817182792219,-4.677695156906069,-2.173842588607207,1.4515053485099916,-5.348626966443438,-4.368495667752838,-4.838593953957626,valid,,,,,1,0
DADP,Diacetone diperoxide,73.0,86.0,132.0,8.570328775,3642.42782,0.0,,Brady 2012,Brady 2012,3,C6H12O4,"3,3,6,6-tetramethyl-1,2,4,5-tetraoxane",,CC1(OOC(OO1)(C)C)C,solid,79.5,-3.646433995417576,-1.1909678081435082,0.8720770155156927,3.8591759327313593,-1.9523574015130727,-1.5714721995231802,-1.7584045866900606,valid,0.059947277631310136,-3.6706897961758735,0.09131542615443236,-3.697790428068507,10,0
DADP,Diacetone diperoxide,75.0,86.0,132.0,8.500841657,3659.365305,0.0,,Brady 2012,Brady 2012,3,C6H12O4,"3,3,6,6-tetramethyl-1,2,4,5-tetraoxane",,CC1(OOC(OO1)(C)C)C,solid,80.5,-3.7727297164697298,-1.305845479540265,0.7667926133563361,3.7677817009759433,-2.010045331367083,-1.6881192367769735,-1.846578970739289,valid,0.059947277631310136,-3.6706897961758735,0.09131542615443236,-3.697790428068507,10,0
DADP,Diacetone diperoxide,57.0,94.0,132.0,9.816753938,4049.796044,0.0,,Brady 2012,Brady 2012,3,C6H12O4,"3,3,6,6-tetramethyl-1,2,4,5-tetraoxane",,CC1(OOC(OO1)(C)C)C,solid,75.5,-3.7663285506801962,-1.036243634021977,1.2575316110423742,4.578706930304209,-2.4497795891846152,-1.2136043460800785,-1.7988951197943504,valid,0.059947277631310136,-3.6706897961758735,0.09131542615443236,-3.697790428068507,10,0
DADP,Diacetone diperoxide,60.0,97.0,132.0,9.16965516,3837.860337,0.0,,Brady 2012,Brady 2012,3,C6H12O4,"3,3,6,6-tetramethyl-1,2,4,5-tetraoxane",,CC1(OOC(OO1)(C)C)C,solid,78.5,-3.7025914843065593,-1.1153785717432676,1.058357818776285,4.2057279311310865,-2.350261805330934,-1.1987369432014052,-1.744209014605433,valid,0.059947277631310136,-3.6706897961758735,0.09131542615443236,-3.697790428068507,10,0
DADP,Diacetone diperoxide,60.0,96.0,132.0,9.28691467,3878.684018,0.0,,Brady 2012,Brady 2012,3,C6H12O4,"3,3,6,6-tetramethyl-1,2,4,5-tetraoxane",,CC1(OOC(OO1)(C)C)C,solid,78.0,-3.7222552713047126,-1.1075219319027205,1.0893366968413822,4.270185680799974,-2.355540734472461,-1.2201529664621429,-1.7587467795229959,valid,0.059947277631310136,-3.6706897961758735,0.09131542615443236,-3.697790428068507,10,0
DADP,Diacetone diperoxide,60.0,96.0,132.0,9.030680925,3793.562299,0.0,,Brady 2012,Brady 2012,3,C6H12O4,"3,3,6,6-tetramethyl-1,2,4,5-tetraoxane",,CC1(OOC(OO1)(C)C)C,solid,78.0,-3.692989371830455,-1.1356390508810144,1.0130072506895278,4.124049224812455,-2.3562687943456417,-1.2457982812847082,-1.7725720979246766,valid,0.059947277631310136,-3.6706897961758735,0.09131542615443236,-3.697790428068507,10,0
DADP,Diacetone diperoxide,-7.3,21.7,138.0,11.3,4417.0,0.0,,Damour 2010 [56],Ewing 2013,1,C6H12O4,"3,3,6,6-tetramethyl-1,2,4,5-tetraoxane",,CC1(OOC(OO1)(C)C)C,solid,7.199999999999999,-3.5146905919839018,-0.5370628433605784,1.96469407164747,5.587007695789951,-5.314632311453828,-3.6804985585891146,-4.45530586766542,valid,0.059947277631310136,-3.6706897961758735,0.09131542615443236,-3.697790428068507,10,0
DADP,Diacetone diperoxide,67.5,119.8,138.0,9.455621964,3880.966438,0.0,0.041182015,Egorshev 2013,Egorshev 2013,30,C6H12O4,"3,3,6,6-tetramethyl-1,2,4,5-tetraoxane",,CC1(OOC(OO1)(C)C)C,solid,93.65,-3.561203251495556,-0.9449312666043141,1.2532201083516856,4.435940869775076,-1.9372048024758541,-0.4208672534576916,-1.1249844645714298,valid,0.059947277631310136,-3.6706897961758735,0.09131542615443236,-3.697790428068507,10,0
DADP,Diacetone diperoxide,1.55,40.95,138.0,7.943937419,3019.293075,-36.1312085,0.011753027,Hartel 2017,Hartel 2017,31,C6H12O4,"3,3,6,6-tetramethyl-1,2,4,5-tetraoxane",,CC1(OOC(OO1)(C)C)C,solid,21.25,-3.5792554700107884,-1.0148896587476814,1.035097035645454,3.847307713188761,-4.711921949764084,-2.9180484129598456,-3.7465694264622025,valid,0.059947277631310136,-3.6706897961758735,0.09131542615443236,-3.697790428068507,10,0
DADP,Diacetone diperoxide,15.0,50.0,138.0,10.59,4275.0,0.0,,Oxley 2009 [31],Ewing 2013,1,C6H12O4,"3,3,6,6-tetramethyl-1,2,4,5-tetraoxane",,CC1(OOC(OO1)(C)C)C,solid,32.5,-3.748420258259266,-0.8665188262092993,1.5548103138539577,5.060671926534307,-4.246022904737117,-2.6391505492805205,-3.3965859643382963,valid,0.059947277631310136,-3.6706897961758735,0.09131542615443236,-3.697790428068507,10,0
DATB,"1,3-Diamino-2,4,6-trinitrobenzene",92.8,176.8,294.0,11.86,7492.0,0.0,,Cundall 1981 [54],Ewing 2013,1,C6H5N5O6,"2,4,6-trinitrobenzene-1,3-diamine",1630-08-6,O=N(=O)C=1C=C(C(N)=C(C1N)N(=O)=O)N(=O)=O,solid,134.8,-13.268291128626533,-8.217716735897096,-3.974302018387405,2.1697717131216443,-8.612742177893157,-4.790738970996777,-6.504995710258612,valid,0.20649253731343276,-13.474783665939967,0.29202454679748896,-13.474783665939967,2,0
DATB,"1,3-Diamino-2,4,6-trinitrobenzene",62.6,108.1,294.0,10.85,7314.0,0.0,,Rosen 1969 [58],Ewing 2013,1,C6H5N5O6,"2,4,6-trinitrobenzene-1,3-diamine",1630-08-6,O=N(=O)C=1C=C(C(N)=C(C1N)N(=O)=O)N(=O)=O,solid,85.35,-13.681276203253399,-8.750696770735631,-4.608099968297582,1.3899987065899229,-10.934065524944154,-8.334262295081968,-9.551673640167364,valid,0.20649253731343276,-13.474783665939967,0.29202454679748896,-13.474783665939967,2,0
DMDNB,"2,3-Dimethyl-2,3-dinitrobutane",19.92,43.14,208.4,15.50053352,9542.854198,154.8878529,0.009934204,Stejfa 2021,Stejfa 2021,12,C6H12N2O4,"2,3-Dimethyl-2,3-dinitrobutane",3964-18-9,O=N(=O)C(C)(C)C(N(=O)=O)(C)C,solid,31.53,-5.563609656809591,-2.5717583537555573,0.3058216822734394,5.217704895952178,-5.802484467565678,-4.752655672288546,-5.2643092290782025,valid,0.022003435225500745,-5.585613092035092,0.031117556514701054,-5.585613092035092,2,0
DMDNB,"2,3-Dimethyl-2,3-dinitrobutane",43.2,103.2,208.4,8.979648726,4221.475504,-8.755419816,0.001134958,Stejfa 2021,Stejfa 2021,12,C6H12N2O4,"2,3-Dimethyl-2,3-dinitrobutane",3964-18-9,O=N(=O)C(C)(C)C(N(=O)=O)(C)C,solid,73.2,-5.607616527260593,-2.605253282883826,-0.11062856002557986,3.457009485172528,-4.744505651085436,-2.5044039003660767,-3.524922590574926,valid,0.022003435225500745,-5.585613092035092,0.031117556514701054,-5.585613092035092,2,0
DNAN,"2,4-dinitroanisole",55.0,90.0,91.0,35.73110567,12978.4563,0.0,,Cuddy 2014,Cuddy 2014,6,C7H6N2O5,"1-methoxy-2,4-dinitrobenzene",119-27-7,O=N(=O)C1=CC=C(OC)C(=C1)N(=O)=O,solid,72.5,-7.798850056983063,0.950303579687791,8.301207540442775,18.94463952500873,-3.8192715964939836,-0.0074494725031044595,-1.8168656883104362,valid,0.15071066651517384,-8.110824586031642,0.28048976154518274,-8.191456517298343,3,0
DNAN,"2,4-dinitroanisole",165.0,250.0,91.0,6.720234282,4107.55721,0.0,,Cuddy 2014,Cuddy 2014,6,C7H6N2O5,"1-methoxy-2,4-dinitrobenzene",119-27-7,O=N(=O)C1=CC=C(OC)C(=C1)N(=O)=O,liquid,207.5,-7.056580106730506,-4.287556713578187,-1.9610659610518866,1.4074784002176806,-2.6545396766899465,-1.131351706722164,-1.8256040827144489,outlier,0.09356844207932369,-7.590722339028259,0.06616287989935048,-7.543938117988597,2,1
DNAN,"2,4-dinitroanisole",50.0,90.0,94.5,11.14426845,5764.946399,0.0,0.040913571,Liu 2013,Liu 2013,11,C7H6N2O5,"1-methoxy-2,4-dinitrobenzene",119-27-7,O=N(=O)C1=CC=C(OC)C(=C1)N(=O)=O,solid,70.0,-8.191456517298343,-4.305139024206085,-1.0399149992232921,3.6878286918676837,-6.6955780578137105,-4.730566739315712,-5.655808481371123,valid,0.15071066651517384,-8.110824586031642,0.28048976154518274,-8.191456517298343,3,0
DNAN,"2,4-dinitroanisole",100.0,150.0,94.5,8.308987718,4726.549838,0.0,0.042251673,Liu 2013,Liu 2013,11,C7H6N2O5,"1-methoxy-2,4-dinitrobenzene",119-27-7,O=N(=O)C1=CC=C(OC)C(=C1)N(=O)=O,liquid,125.0,-7.543938117988597,-4.357633849734157,-1.680550141029908,2.1956205344004385,-4.357633849734157,-2.860928004557014,-3.5622915435848306,valid,0.09356844207932369,-7.590722339028259,0.06616287989935048,-7.543938117988597,2,1
DNAN,"2,4-dinitroanisole",50.88,87.93,94.5,12.44231884,6196.894508,0.0,0.045958156,Zhang 2014,Zhang 2014,8,C7H6N2O5,"1-methoxy-2,4-dinitrobenzene",119-27-7,O=N(=O)C1=CC=C(OC)C(=C1)N(=O)=O,solid,69.405,-8.342167183813517,-4.164660948288892,-0.654784632471733,4.427193045522861,-6.682127995169585,-4.7197906869746316,-5.647898812639726,valid,0.15071066651517384,-8.110824586031642,0.28048976154518274,-8.191456517298343,3,0
DNAN,"2,4-dinitroanisole",97.54,143.81,94.5,9.160617505,5008.36069,0.0,0.032928448,Zhang 2014,Zhang 2014,8,C7H6N2O5,"1-methoxy-2,4-dinitrobenzene",119-27-7,O=N(=O)C1=CC=C(OC)C(=C1)N(=O)=O,liquid,120.67500000000001,-7.637506560067921,-4.261225426796868,-1.424526085827436,2.682753325992044,-4.350296439266101,-2.850991977924023,-3.5566063634695,valid,0.09356844207932369,-7.590722339028259,0.06616287989935048,-7.543938117988597,2,1
DNTF,"3,4-dinitrofurazanfuroxan",50.0,110.0,110.0,12.88684646,6392.159281,0.0,0.043854268,Liu 2013,Liu 2013,11,C6N8O8,"3,4-bis(4-nitro-1,2,5-oxadiazol-3-yl)-2-oxido-1,2,5-oxadiazol-2-ium",,C1(=NO[N+](=C1C2=NON=C2[N+](=O)[O-])[O-])C3=NON=C3[N+](=O)[O-],solid,80.0,-8.552560821569683,-4.243420941849125,-0.6229480681623176,4.619163240702321,-6.893934233176546,-3.796330575103747,-5.213562094438627,valid,0.12495594782491892,-8.677516769394602,0.17671439611318518,-8.677516769394602,2,0
DNTF,"3,4-dinitrofurazanfuroxan",110.0,150.0,110.0,8.521274848,4697.462744,0.0,0.019580341,Liu 2013,Liu 2013,11,C6N8O8,"3,4-bis(4-nitro-1,2,5-oxadiazol-3-yl)-2-oxido-1,2,5-oxadiazol-2-ium",,C1(=NO[N+](=C1C2=NON=C2[N+](=O)[O-])[O-])C3=NON=C3[N+](=O)[O-],liquid,130.0,-7.234092396675502,-4.067396581719954,-1.4067875930863387,2.4455292048518382,-3.7388393213853615,-2.5799014346420908,-3.1306233139744535,valid,0.05693158245606256,-7.177160814219439,0.08051341603672584,-7.177160814219439,2,0
DNTF,"3,4-dinitrofurazanfuroxan",51.02,105.91,110.0,14.63893494,6989.055693,0.0,0.033302004,Zhang 2014,Zhang 2014,8,C6N8O8,"3,4-bis(4-nitro-1,2,5-oxadiazol-3-yl)-2-oxido-1,2,5-oxadiazol-2-ium",,C1(=NO[N+](=C1C2=NON=C2[N+](=O)[O-])[O-])C3=NON=C3[N+](=O)[O-],solid,78.465,-8.802472717219521,-4.090947662170711,-0.13239696954242852,5.59921988729354,-6.92091234074776,-3.7989263299836455,-5.238077397357619,valid,0.12495594782491892,-8.677516769394602,0.17671439611318518,-8.677516769394602,2,0
DNTF,"3,4-dinitrofurazanfuroxan",115.49,143.9,110.0,8.807951865,4748.987194,0.0,0.015625299,Zhang 2014,Zhang 2014,8,C6N8O8,"3,4-bis(4-nitro-1,2,5-oxadiazol-3-yl)-2-oxido-1,2,5-oxadiazol-2-ium",,C1(=NO[N+](=C1C2=NON=C2[N+](=O)[O-])[O-])C3=NON=C3[N+](=O)[O-],liquid,129.695,-7.120229231763377,-3.9187992913714336,-1.2290072261972966,2.665563979078768,-3.411549972175793,-2.579141274911283,-2.9806695501845013,valid,0.05693158245606256,-7.177160814219439,0.08051341603672584,-7.177160814219439,2,0
EGDN,Ethylene glycol dinitrate,74.5,117.0,-22.0,6.97,3256.0,0.0,,Belajev 1941 [38],Ewing 2013,1,C2H4N2O6,2-nitrooxyethyl nitrate,628-96-6,O=N(=O)OCCON(=O)=O,liquid,95.75,-3.950677511319806,-1.7557135200321587,0.088461375885025,2.7586567936364217,-2.395741406587086,-1.3755081378956815,-1.856240173488751,valid,0.024663759852422196,-3.9972874392084528,0.03389674237888651,-4.018750628878082,4,1
EGDN,Ethylene glycol dinitrate,20.0,50.0,-22.0,8.02,3582.0,0.0,,Brandner 1938 [60],Ewing 2013,1,C2H4N2O6,2-nitrooxyethyl nitrate,628-96-6,O=N(=O)OCCON(=O)=O,liquid,35.0,-3.9940868690256597,-1.5793568270132656,0.4494621156081573,3.387005108969798,-4.19900051168344,-3.0646356181339947,-3.604208989128672,valid,0.024663759852422196,-3.9972874392084528,0.03389674237888651,-4.018750628878082,4,1
EGDN,Ethylene glycol dinitrate,15.0,55.0,-22.0,8.78,3818.0,0.0,,Crater 1929 [59],Ewing 2013,1,C2H4N2O6,2-nitrooxyethyl nitrate,628-96-6,O=N(=O)OCCON(=O)=O,liquid,35.0,-4.025634747610265,-1.4518102639689143,0.7106773750396265,3.8417603311129787,-4.4700433801839345,-2.8549230534816417,-3.6100697712153185,valid,0.024663759852422196,-3.9972874392084528,0.03389674237888651,-4.018750628878082,4,1
EGDN,Ethylene glycol dinitrate,-33.0,25.0,-22.0,7.67,3476.0,0.0,,Pella 1976 [44],Ewing 2013,1,C2H4N2O6,2-nitrooxyethyl nitrate,628-96-6,O=N(=O)OCCON(=O)=O,Unknown,-4.0,-3.9885611269495236,-1.6452887578721693,0.32349254993131105,3.1741065769902344,-6.804286904018323,-3.9885611269495236,-5.244731562325843,valid,,,,,1,0
EGDN,Ethylene glycol dinitrate,0.0,22.0,-22.0,7.13,3324.0,0.0,,Rinkenbach 1926 [48],Ewing 2013,1,C2H4N2O6,2-nitrooxyethyl nitrate,628-96-6,O=N(=O)OCCON(=O)=O,liquid,11.0,-4.018750628878082,-1.7779458662736163,0.10474373877205956,2.830704908491237,-5.039137836353652,-4.132070133830257,-4.568046806264298,valid,0.024663759852422196,-3.9972874392084528,0.03389674237888651,-4.018750628878082,4,1
EGDN,Ethylene glycol dinitrate,20.0,60.0,-22.0,11.54,4926.0,0.0,,Vacek 1959 [65],Ewing 2013,1,C2H4N2O6,2-nitrooxyethyl nitrate,628-96-6,O=N(=O)OCCON(=O)=O,liquid,40.0,-4.981884957236293,-1.6611255527267872,1.1289252879636464,5.168661967276724,-5.2636841207572935,-3.246132372805045,-4.190480600351272,outlier,0.024663759852422196,-3.9972874392084528,0.03389674237888651,-4.018750628878082,4,1
GN,Guanidine nitrate,245.0,290.0,213.0,19.64483806,11709.44782,0.0,,Brady 2012,Brady 2012,3,CH6N3NO3,guanidine;nitric acid,506-93-4,O=N(=O)O.N=C(N)N,liquid,267.5,-19.628842369314103,-11.735164137507702,-5.103017419234913,4.499720269144412,-2.953729574854769,-1.1479308647980098,-2.0132546432275937,valid,0.4561246343803482,-20.08496700369445,0.6450576440731578,-20.08496700369445,2,0
GN,Guanidine nitrate,247.0,295.0,213.0,20.64805832,12280.54506,0.0,,Brady 2012,Brady 2012,3,CH6N3NO3,guanidine;nitric acid,506-93-4,O=N(=O)O.N=C(N)N,liquid,271.0,-20.5410916380748,-12.262420200702135,-5.30680812827222,4.764277604744228,-2.9615640197097015,-0.9669114239056604,-1.920250161117341,valid,0.4561246343803482,-20.08496700369445,0.6450576440731578,-20.08496700369445,2,0
GN,Guanidine nitrate,205.0,225.0,213.0,26.35,14587.0,0.0,,Oxley 2010 [47],Ewing 2013,1,CH6N3NO3,guanidine;nitric acid,506-93-4,O=N(=O)O.N=C(N)N,Unknown,215.0,-22.57503773268489,-12.74151815623744,-4.479546655394696,7.483027226282093,-4.157163024155601,-2.932344675298605,-3.5322083376011477,valid,,,,,1,0
HMTD,Hexamethylene Triperoxide Diamine,28.0,80.0,80.0,5.851645318,4816.760099,0.0,0.00991932,Aernecke 2015,Aernecke 2015,5,C6H12N2O6,"3,4,8,9,12,13-hexaoxa-1,6-diazabicyclo[4.4.4]tetradecane",283-66-9,O1OCN2COOCN(C1)COOC2,solid,54.0,-10.303847215959419,-7.056729595573631,-4.328551446239671,-0.3784007261052835,-10.142909219605844,-7.787771640799378,-8.871754037035917,valid,0.0946116299916877,-10.152575116893408,0.18618486727577468,-10.20923558596773,3,0
HMTD,Hexamethylene Triperoxide Diamine,10.0,80.0,80.0,6.16604937,4787.258805,-1.002066867,0.003697806,Aernecke 2015,Aernecke 2015,5,C6H12N2O6,"3,4,8,9,12,13-hexaoxa-1,6-diazabicyclo[4.4.4]tetradecane",283-66-9,O1OCN2COOCN(C1)COOC2,solid,45.0,-9.94464254875307,-6.697810344865346,-3.973270256443163,-0.03387502217655847,-10.801144937758277,-7.4284044222133385,-8.928669229324447,valid,0.0946116299916877,-10.152575116893408,0.18618486727577468,-10.20923558596773,3,0
HMTD,Hexamethylene Triperoxide Diamine,10.0,80.0,80.0,3.848806711,3426.923838,-54.38036511,,Alnemrat 2013,Aernecke 2015,5,C6H12N2O6,"3,4,8,9,12,13-hexaoxa-1,6-diazabicyclo[4.4.4]tetradecane",283-66-9,O1OCN2COOCN(C1)COOC2,solid,45.0,-10.20923558596773,-6.901664673084474,-4.334508296785044,-0.9189570781929781,-11.130995305328693,-7.6213142042721085,-9.143302253434562,valid,0.0946116299916877,-10.152575116893408,0.18618486727577468,-10.20923558596773,3,0
HMX,Cyclotetramethylene tetranitramine,245.0,270.0,282.0,14.21181409,8883.927922,0.0,,Brady 2012,Brady 2012,3,C4H8N8O8,"1,3,5,7-tetranitro-1,3,5,7-tetrazocane",2691-41-0,O=N(=O)N1CN(N(=O)=O)CN(N(=O)=O)CN(N(=O)=O)C1,solid,257.5,-15.585026164905255,-9.596112808030284,-4.564320163408013,2.7212522042081098,-2.933661007944611,-2.1444924956577402,-2.529781918668615,valid,0.17958787938453646,-15.70411151383098,0.3635748287259643,-15.684508221494214,8,1
HMX,Cyclotetramethylene tetranitramine,245.0,275.0,282.0,14.28130121,8934.306082,0.0,,Brady 2012,Brady 2012,3,C4H8N8O8,"1,3,5,7-tetranitro-1,3,5,7-tetrazocane",2691-41-0,O=N(=O)N1CN(N(=O)=O)CN(N(=O)=O)CN(N(=O)=O)C1,solid,260.0,-15.684508221494214,-9.661633486502746,-4.601307015721227,2.7255797044706735,-2.9614008685486812,-2.017715632105263,-2.476283113361154,valid,0.17958787938453646,-15.70411151383098,0.3635748287259643,-15.684508221494214,8,1
HMX,Cyclotetramethylene tetranitramine,245.0,272.0,282.0,14.41158956,8997.278782,0.0,,Brady 2012,Brady 2012,3,C4H8N8O8,"1,3,5,7-tetranitro-1,3,5,7-tetrazocane",2691-41-0,O=N(=O)N1CN(N(=O)=O)CN(N(=O)=O)CN(N(=O)=O)C1,solid,258.5,-15.765431342230421,-9.700104884593326,-4.604111131112756,2.774418529798874,-2.9526462443037715,-2.092636399827569,-2.5117223594959093,valid,0.17958787938453646,-15.70411151383098,0.3635748287259643,-15.684508221494214,8,1
HMX,Cyclotetramethylene tetranitramine,245.0,275.0,282.0,14.21181409,8883.927922,0.0,,Brady 2012,Brady 2012,3,C4H8N8O8,"1,3,5,7-tetranitro-1,3,5,7-tetrazocane",2691-41-0,O=N(=O)N1CN(N(=O)=O)CN(N(=O)=O)CN(N(=O)=O)C1,solid,260.0,-15.585026164905255,-9.596112808030284,-4.564320163408013,2.7212522042081098,-2.933661007944611,-1.9952969598951036,-2.451278701897216,valid,0.17958787938453646,-15.70411151383098,0.3635748287259643,-15.684508221494214,8,1
HMX,Cyclotetramethylene tetranitramine,141.8,206.2,275.0,11.83,8407.0,0.0,,Cundall 1981 [54],Ewing 2013,1,C4H8N8O8,"1,3,5,7-tetranitro-1,3,5,7-tetrazocane",2691-41-0,O=N(=O)N1CN(N(=O)=O)CN(N(=O)=O)CN(N(=O)=O)C1,solid,174.0,-16.36721616635922,-10.699813747822594,-5.938149635422173,0.9563014938886365,-8.430272321966504,-5.708333159486807,-6.971297103880131,valid,0.17958787938453646,-15.70411151383098,0.3635748287259643,-15.684508221494214,8,1
HMX,Cyclotetramethylene tetranitramine,40.0,80.0,275.0,6.562645639,6469.404497,0.0,0.141451312,Morrison 2021,Morrison 2021,34,C4H8N8O8,"1,3,5,7-tetranitro-1,3,5,7-tetrazocane",2691-41-0,O=N(=O)N1CN(N(=O)=O)CN(N(=O)=O)CN(N(=O)=O)C1,solid,60.0,-15.135843366534132,-10.774630247372777,-7.1104062409535045,-1.8049473209689593,-14.096477774699508,-11.756494944321538,-12.856248243635452,valid,0.17958787938453646,-15.70411151383098,0.3635748287259643,-15.684508221494214,8,1
HMX,Cyclotetramethylene tetranitramine,97.6,129.3,275.0,13.3,9154.0,0.0,,Rosen 1969 [58],Ewing 2013,1,C4H8N8O8,"1,3,5,7-tetranitro-1,3,5,7-tetrazocane",2691-41-0,O=N(=O)N1CN(N(=O)=O)CN(N(=O)=O)CN(N(=O)=O)C1,solid,113.45,-17.402666443065574,-11.231689669033901,-6.046930149001373,1.4601241673672636,-11.390492245448414,-9.445682693502299,-10.378220382824626,outlier,0.17958787938453646,-15.70411151383098,0.3635748287259643,-15.684508221494214,8,1
HMX,Cyclotetramethylene tetranitramine,188.0,213.0,275.0,12.32,8296.0,0.0,,Taylor 1974 [52],Ewing 2013,1,C4H8N8O8,"1,3,5,7-tetranitro-1,3,5,7-tetrazocane",2691-41-0,O=N(=O)N1CN(N(=O)=O)CN(N(=O)=O)CN(N(=O)=O)C1,solid,200.5,-15.504920342109678,-9.912346241457861,-5.213551727781887,1.5898700122873954,-5.669808088474468,-4.744691967499744,-5.195042753087723,valid,0.17958787938453646,-15.70411151383098,0.3635748287259643,-15.684508221494214,8,1
HMX,Cyclotetramethylene tetranitramine,188.0,213.0,275.0,11.82,8296.0,0.0,,Taylor 1974 [52],Ewing 2013,1,C4H8N8O8,"1,3,5,7-tetranitro-1,3,5,7-tetrazocane",2691-41-0,O=N(=O)N1CN(N(=O)=O)CN(N(=O)=O)CN(N(=O)=O)C1,solid,200.5,-16.004920342109678,-10.412346241457861,-5.713551727781887,1.0898700122873954,-6.169808088474468,-5.244691967499744,-5.695042753087723,valid,0.17958787938453646,-15.70411151383098,0.3635748287259643,-15.684508221494214,8,1
HNS,Hexanitrostilbene,257.0,312.0,325.0,9.808068048,7548.906684,0.0,,Brady 2012,Brady 2012,3,C14H6N6O12,"1,3,5-trinitro-2-[(E)-2-(2,4,6-trinitrophenyl)ethenyl]benzene",,C1=C(C=C(C(=C1[N+](=O)[O-])C=CC2=C(C=C(C=C2[N+](=O)[O-])[N+](=O)[O-])[N+](=O)[O-])[N+](=O)[O-])[N+](=O)[O-],solid,284.5,-15.511089034005701,-10.422152195869758,-6.14650594333467,0.04423608266339052,-4.431122151000283,-3.092738042745962,-3.728929502434859,valid,0.5607715572877776,-15.919219333493169,0.3925008752227178,-16.21814347240148,4,1
HNS,Hexanitrostilbene,252.0,311.0,325.0,9.907955779,7622.302452,0.0,,Brady 2012,Brady 2012,3,C14H6N6O12,"1,3,5-trinitro-2-[(E)-2-(2,4,6-trinitrophenyl)ethenyl]benzene",,C1=C(C=C(C(=C1[N+](=O)[O-])C=CC2=C(C=C(C=C2[N+](=O)[O-])[N+](=O)[O-])[N+](=O)[O-])[N+](=O)[O-])[N+](=O)[O-],solid,281.5,-15.657371915113702,-10.518956862029077,-6.201739776320723,0.04919298782105663,-4.6065685511913745,-3.1405804736748273,-3.834588982561346,valid,0.5607715572877776,-15.919219333493169,0.3925008752227178,-16.21814347240148,4,1
HNS,Hexanitrostilbene,247.0,312.0,325.0,10.60716989,7997.967179,0.0,,Brady 2012,Brady 2012,3,C14H6N6O12,"1,3,5-trinitro-2-[(E)-2-(2,4,6-trinitrophenyl)ethenyl]benzene",,C1=C(C=C(C(=C1[N+](=O)[O-])C=CC2=C(C=C(C=C2[N+](=O)[O-])[N+](=O)[O-])[N+](=O)[O-])[N+](=O)[O-])[N+](=O)[O-],solid,279.5,-16.21814347240148,-10.826481936343297,-6.296491061072599,0.2625185558475067,-4.769100760773817,-3.061064202113135,-3.864859747202571,valid,0.5607715572877776,-15.919219333493169,0.3925008752227178,-16.21814347240148,4,1
HNS,Hexanitrostilbene,251.0,316.0,325.0,10.72877235,8055.728345,0.0,,Brady 2012,Brady 2012,3,C14H6N6O12,"1,3,5-trinitro-2-[(E)-2-(2,4,6-trinitrophenyl)ethenyl]benzene",,C1=C(C=C(C(=C1[N+](=O)[O-])C=CC2=C(C=C(C=C2[N+](=O)[O-])[N+](=O)[O-])[N+](=O)[O-])[N+](=O)[O-])[N+](=O)[O-],solid,283.5,-16.29027291245179,-10.859672899899508,-6.296966517166862,0.3094121417609763,-4.640355466464754,-2.9447035814266336,-3.7430292219033525,valid,0.5607715572877776,-15.919219333493169,0.3925008752227178,-16.21814347240148,4,1
HNS,Hexanitrostilbene,161.4,206.3,318.0,11.31,9399.0,0.0,,Rosen 1969 [58],Ewing 2013,1,C14H6N6O12,"1,3,5-trinitro-2-[(E)-2-(2,4,6-trinitrophenyl)ethenyl]benzene",,C1=C(C=C(C(=C1[N+](=O)[O-])C=CC2=C(C=C(C=C2[N+](=O)[O-])[N+](=O)[O-])[N+](=O)[O-])[N+](=O)[O-])[N+](=O)[O-],solid,183.85000000000002,-20.2144004695623,-13.878262092992097,-8.554736341540737,-0.8467613011705364,-10.319271660338282,-8.29371258733966,-9.256739606126915,outlier,0.5607715572877776,-15.919219333493169,0.3925008752227178,-16.21814347240148,4,1
HP,Hydrogen peroxide,15.0,90.0,-0.4,5.962,2535.0,0.0,,Maass 1924 [27],Ewing 2013,1,H2O2,hydrogen peroxide,7722-84-1,OO,liquid,52.5,-2.540431661915145,-0.8315146723837605,0.6042910282151537,2.683205458190519,-2.835501301405518,-1.0185865344898808,-1.8224311377245517,valid,,,,,1,0
NG,Nitroglycerin,30.0,50.0,13.0,7.32,3974.0,0.0,,Brandner 1938 [60],Ewing 2013,1,C3H5N3O9,"1,3-dinitrooxypropan-2-yl nitrate",55-63-0,O=N(=O)OCC(ON(=O)=O)CON(=O)=O,liquid,40.0,-6.008861311420427,-3.329872705346375,-1.0790277924548235,2.179988359309319,-5.789021936335148,-4.977694569085564,-5.370403959763692,valid,0.1328187685605391,-6.178420474795958,0.18330322803891455,-6.21900469562301,7,1
NG,Nitroglycerin,15.0,55.0,13.0,6.29,3515.0,0.0,,Crater 1929 [59],Ewing 2013,1,C3H5N3O9,"1,3-dinitrooxypropan-2-yl nitrate",55-63-0,O=N(=O)OCC(ON(=O)=O)CON(=O)=O,liquid,35.0,-5.499367767902064,-3.1298043682165355,-1.138933741942302,1.7436635840393198,-5.90850772167274,-4.42156483315557,-5.116782411163395,outlier,0.1328187685605391,-6.178420474795958,0.18330322803891455,-6.21900469562301,7,1
NG,Nitroglycerin,20.0,94.0,13.0,9.21,4602.0,0.0,,Dionne 1986 [40],Ewing 2013,1,C3H5N3O9,"1,3-dinitrooxypropan-2-yl nitrate",55-63-0,O=N(=O)OCC(ON(=O)=O)CON(=O)=O,liquid,57.0,-6.2251836323997995,-3.122842020635133,-0.516302441086335,3.25772683179202,-6.488447893569845,-3.324386490535204,-4.729118582462517,valid,0.1328187685605391,-6.178420474795958,0.18330322803891455,-6.21900469562301,7,1
NG,Nitroglycerin,20.0,40.0,13.0,12.55,5603.0,0.0,,Kemp 1957 [46],Ewing 2013,1,C3H5N3O9,"1,3-dinitrooxypropan-2-yl nitrate",55-63-0,O=N(=O)OCC(ON(=O)=O)CON(=O)=O,liquid,30.0,-6.24255408351501,-2.465409352807182,0.7080894008242637,5.303023346051866,-6.563082039911308,-5.342383841609454,-5.9325993732475695,valid,0.1328187685605391,-6.178420474795958,0.18330322803891455,-6.21900469562301,7,1
NG,Nitroglycerin,20.0,93.0,13.0,8.84,4488.0,0.0,,Marshall 1916 [42],Ewing 2013,1,C3H5N3O9,"1,3-dinitrooxypropan-2-yl nitrate",55-63-0,O=N(=O)OCC(ON(=O)=O)CON(=O)=O,liquid,56.5,-6.21282575884622,-3.1873348519362192,-0.6453640494557753,3.0351755804177714,-6.46956848030019,-3.417271609995904,-4.774439557106023,valid,0.1328187685605391,-6.178420474795958,0.18330322803891455,-6.21900469562301,7,1
NG,Nitroglycerin,25.0,240.0,13.0,6.47842904,3051.78389,-50.72746857,0.03688162,Suceska 2010,Suceska 2010,15,C3H5N3O9,"1,3-dinitrooxypropan-2-yl nitrate",55-63-0,O=N(=O)OCC(ON(=O)=O)CON(=O)=O,liquid,132.5,-5.855871609023152,-2.9867403960961934,-0.746052759465079,2.2540537509857668,-5.855871609023152,-0.1211280372960255,-2.120021663324513,valid,0.1328187685605391,-6.178420474795958,0.18330322803891455,-6.21900469562301,7,1
NG,Nitroglycerin,17.0,35.4,13.0,5.944476969,3658.86464,0.0,0.030548259,Tunnel 2016,Tunnel 2016,26,C3H5N3O9,"1,3-dinitrooxypropan-2-yl nitrate",55-63-0,O=N(=O)OCC(ON(=O)=O)CON(=O)=O,liquid,26.2,-6.327415165831461,-3.8608684416927517,-1.7885139218380006,1.212064578131475,-6.6657751075121485,-5.913778224647707,-6.278221009954402,valid,0.1328187685605391,-6.178420474795958,0.18330322803891455,-6.21900469562301,7,1
NG,Nitroglycerin,20.0,60.0,13.0,10.31,4975.0,0.0,,Vacek 1959 [65],Ewing 2013,1,C3H5N3O9,"1,3-dinitrooxypropan-2-yl nitrate",55-63-0,O=N(=O)OCC(ON(=O)=O)CON(=O)=O,liquid,40.0,-6.376231762535637,-3.0224400375184253,-0.20463595054422434,3.875284873569165,-6.660834044004778,-4.6232132672970145,-5.57695513332269,valid,0.1328187685605391,-6.178420474795958,0.18330322803891455,-6.21900469562301,7,1
NGu,Nitroguanidine,190.0,225.0,236.0,12.62663924,7275.301161,0.0,,Cuddy 2014,Cuddy 2014,6,CH4N4O2,1-nitroguanidine,556-88-7,O=N(=O)NC(=N)N,solid,207.5,-11.774840421244345,-6.870348997974009,-2.7496709385903007,3.2166914148690413,-3.0816651128014705,-1.9780002481059942,-2.509740997178822,valid,0.9796450249974837,-12.75448544624183,1.3854272806627712,-12.75448544624183,2,0
NGu,Nitroguanidine,129.2,199.8,232.0,11.26,7452.0,0.0,,Cundall 1981 [54],Ewing 2013,1,CH4N4O2,1-nitroguanidine,556-88-7,O=N(=O)NC(=N)N,solid,164.5,-13.734130471239313,-8.710521238108003,-4.489762231850365,1.6215081161482239,-7.261188020380269,-4.496422454804948,-5.767304924026048,valid,0.9796450249974837,-12.75448544624183,1.3854272806627712,-12.75448544624183,2,0
NM,Nitromethane,131.85,202.85,-29.15,4.10778327,1229.574,-76.221,,Berman 1967,NIST,2,CH3NO2,nitromethane,75-52-5,O=N(=O)C,liquid,167.35,-1.432610279288287,-0.0331864567697,1.0100655421443876,2.3435088604116485,0.3679641209667581,1.0321489820559102,0.7324198809492994,valid,0.009018279389569006,-1.3432365040833498,0.06007566615405105,-1.3187281569679694,4,0
NM,Nitromethane,10.0,100.0,-29.0,5.206,1946.0,0.0,,Holcomb 1949 [26],Ewing 2013,1,CH3NO2,nitromethane,75-52-5,O=N(=O)C,liquid,55.0,-1.3209159818883114,-0.009060967439367573,1.0931393849730533,2.689023992756904,-1.6666823238566133,-0.009060967439367573,-0.7242148407740361,valid,0.009018279389569006,-1.3432365040833498,0.06007566615405105,-1.3187281569679694,4,0
NM,Nitromethane,24.0,26.0,-29.0,5.69,2089.0,0.0,,Jones 1947 [29],Ewing 2013,1,CH3NO2,nitromethane,75-52-5,O=N(=O)C,liquid,25.0,-1.3165403320476274,0.09171512796462533,1.2749096481031383,2.9880663519368817,-1.3401194682820128,-1.2931188367039947,-1.3165403320476274,valid,0.009018279389569006,-1.3432365040833498,0.06007566615405105,-1.3187281569679694,4,0
NM,Nitromethane,55.0,101.0,-29.0,5.11,1912.0,0.0,,McCullough 1954 [39],Ewing 2013,1,CH3NO2,nitromethane,75-52-5,O=N(=O)C,liquid,78.0,-1.3028794231091734,-0.01394479431863882,1.068998203529536,2.6369999353294964,-0.7166036873381074,-0.0002498997728181962,-0.3349665385163032,valid,0.009018279389569006,-1.3432365040833498,0.06007566615405105,-1.3187281569679694,4,0
NMP,N-methyl-2-pyrrolidine,141.3,201.95,-25.0,4.042082203,1508.535023,-101.8722514,0.002223192,Blanco 1997,Blanco 1997,22,C5H9NO,1-methylpyrrolidin-2-one,872-50-4,O=C1N(C)CCC1,liquid,171.625,-3.6436337467701723,-1.5187683672557277,-0.021008107928480513,1.7948231121897313,-0.7840291557149301,0.00022028716280164673,-0.3572264323464127,outlier,0.03410083095593741,-3.334249971413397,0.07961137822835189,-3.3372340024248723,6,1
NMP,N-methyl-2-pyrrolidine,79.12,104.71,-25.0,5.063636197,2214.466207,-34.08203136,0.00127399,Chylinski 2004,Chylinski 2004,21,C5H9NO,1-methylpyrrolidin-2-one,872-50-4,O=C1N(C)CCC1,liquid,91.91499999999999,-3.322334348405108,-1.4674030394168556,0.020074914542426825,2.06734045565572,-1.8959802098210314,-1.3779232076370134,-1.6269382941866048,valid,0.03410083095593741,-3.334249971413397,0.07961137822835189,-3.3372340024248723,6,1
NMP,N-methyl-2-pyrrolidine,63.73,204.21,-25.0,4.034189561,1562.572281,-89.71062267,0.002585531,Kneisl 1987,Kneisl 1987,25,C5H9NO,1-methylpyrrolidin-2-one,872-50-4,O=C1N(C)CCC1,liquid,133.97,-3.462341569613315,-1.4787081024066762,-0.04095861986928373,1.7478532262331647,-2.287678859268679,0.003298832469805113,-0.8887030584434559,valid,0.03410083095593741,-3.334249971413397,0.07961137822835189,-3.3372340024248723,6,1
NMP,N-methyl-2-pyrrolidine,56.85,99.76,-25.0,7.305735954,3773.461121,57.53928944,0.013674654,Linek 1996,Linek 1996,23,C5H9NO,1-methylpyrrolidin-2-one,872-50-4,O=C1N(C)CCC1,liquid,78.305,-3.303133171468935,-1.455710437913786,0.19524551055827377,2.7631697153720323,-2.4312409766557446,-1.4605954433851496,-1.9204591749507474,valid,0.03410083095593741,-3.334249971413397,0.07961137822835189,-3.3372340024248723,6,1
NMP,N-methyl-2-pyrrolidine,107.58,202.57,-25.0,4.359902523,1785.940512,-66.866,,Palczewska-Tulinska 2007,Palczewska-Tulinska 2007,20,C5H9NO,1-methylpyrrolidin-2-one,872-50-4,O=C1N(C)CCC1,liquid,155.075,-3.3619481540896388,-1.4710926057040785,-0.03589084321673486,1.831258929204869,-1.3302706475452046,-0.008259490824006122,-0.5823862037232868,valid,0.03410083095593741,-3.334249971413397,0.07961137822835189,-3.3372340024248723,6,1
NMP,N-methyl-2-pyrrolidine,0.5,35.02,-25.0,5.145397259,2236.385663,-34.50708142,0.000486988,Ruzika 2015,Ruzika 2015,13,C5H9NO,1-methylpyrrolidin-2-one,872-50-4,O=C1N(C)CCC1,liquid,17.76,-3.3372340024248723,-1.4585667995949034,0.0469776373183004,2.117701999564863,-4.206272764429385,-3.0266476589023013,-3.5767564332647312,valid,0.03410083095593741,-3.334249971413397,0.07961137822835189,-3.3372340024248723,6,1
NMP,N-methyl-2-pyrrolidine,25.0,125.0,-25.0,5.532945921,2668.153712,6.731172717,0.000850087,Weidliich 1987,Weidliich 1987,24,C5H9NO,1-methylpyrrolidin-2-one,872-50-4,O=C1N(C)CCC1,liquid,75.0,-3.2185085824785133,-1.490707535992179,-0.027084069119009513,2.1117148343403294,-3.2185085824785133,-1.0570214368177488,-1.985496637032571,valid,0.03410083095593741,-3.334249971413397,0.07961137822835189,-3.3372340024248723,6,1
NTO,"3-Nitro-1,2,4-triazol-5-one",161.0,214.0,273.0,6.728920171,4659.111202,0.0,,Brady 2012,Brady 2012,3,C2H2N4O3,"3-nitro-1,4-dihydro-1,2,4-triazol-5-one",932-64-9,O=C1NN=C(N1)N(=O)=O,solid,187.5,-8.89781537151216,-5.756973442828219,-3.1180864907351786,0.7027787986919103,-4.002650028239895,-2.835097486805605,-3.385290622444046,valid,0.8235954575384028,-10.37969434618988,1.8632004238330064,-9.834636564249035,4,0
NTO,"3-Nitro-1,2,4-triazol-5-one",159.0,209.0,273.0,6.837493792,4758.998933,0.0,,Brady 2012,Brady 2012,3,C2H2N4O3,"3-nitro-1,4-dihydro-1,2,4-triazol-5-one",932-64-9,O=C1NN=C(N1)N(=O)=O,solid,184.0,-9.124266841909106,-5.916087698017419,-3.2206250561454084,0.682156621981246,-4.1748836996117085,-3.0328762857766254,-3.572653715382698,valid,0.8235954575384028,-10.37969434618988,1.8632004238330064,-9.834636564249035,4,0
NTO,"3-Nitro-1,2,4-triazol-5-one",165.0,214.0,273.0,9.26954289,5907.707837,0.0,,Brady 2012,Brady 2012,3,C2H2N4O3,"3-nitro-1,4-dihydro-1,2,4-triazol-5-one",932-64-9,O=C1NN=C(N1)N(=O)=O,solid,189.5,-10.545006286588965,-6.562449169493501,-3.216366096579309,1.6284540495421327,-4.213756977625243,-2.857538782995997,-3.49973807185021,valid,0.8235954575384028,-10.37969434618988,1.8632004238330064,-9.834636564249035,4,0
NTO,"3-Nitro-1,2,4-triazol-5-one",205.0,250.0,265.0,12.84378648,7690.92098,0.0,,Cuddy 2014,Cuddy 2014,6,C2H2N4O3,"3-nitro-1,4-dihydro-1,2,4-triazol-5-one",932-64-9,O=C1NN=C(N1)N(=O)=O,solid,227.5,-12.95168888474929,-7.767016092691948,-3.410933968060869,2.896271793328591,-3.2409588509630876,-1.8573909643276316,-2.51808504701488,valid,0.8235954575384028,-10.37969434618988,1.8632004238330064,-9.834636564249035,4,0
PETN,Pentaerythritol tetranitrate,111.0,140.0,143.0,17.85120185,8820.520927,0.0,,Brady 2012,Brady 2012,3,C5H8N4O12,"[3-nitrooxy-2,2-bis(nitrooxymethyl)propyl] nitrate",78-11-5,O=N(=O)OCC(CON(=O)=O)(CON(=O)=O)CON(=O)=O,solid,125.5,-11.732970301601544,-5.786801438221897,-0.7909220578516347,6.442651210408716,-5.10993553643759,-3.4982376441304623,-4.274775641533928,valid,0.5708446921574701,-11.140841211243,0.6807736270445742,-11.151390239812178,10,0
PETN,Pentaerythritol tetranitrate,113.0,140.0,143.0,18.16389388,8943.426266,0.0,,Brady 2012,Brady 2012,3,C5H8N4O12,"[3-nitrooxy-2,2-bis(nitrooxymethyl)propyl] nitrate",78-11-5,O=N(=O)OCC(CON(=O)=O)(CON(=O)=O)CON(=O)=O,solid,126.5,-11.83250479851753,-5.803481883097952,-0.7379898059346957,6.596376236593157,-4.996604024959215,-3.4830291891032346,-4.214252663225324,valid,0.5708446921574701,-11.140841211243,0.6807736270445742,-11.151390239812178,10,0
PETN,Pentaerythritol tetranitrate,116.0,142.0,143.0,17.67748406,8762.325467,0.0,,Brady 2012,Brady 2012,3,C5H8N4O12,"[3-nitrooxy-2,2-bis(nitrooxymethyl)propyl] nitrate",78-11-5,O=N(=O)OCC(CON(=O)=O)(CON(=O)=O)CON(=O)=O,solid,129.0,-11.711499562337753,-5.804561945627764,-0.8416440537060126,6.344204014730648,-4.839091725686753,-3.428924387549081,-4.111215348181027,valid,0.5708446921574701,-11.140841211243,0.6807736270445742,-11.151390239812178,10,0
PETN,Pentaerythritol tetranitrate,116.0,144.0,143.0,17.94674664,8882.190744,0.0,,Brady 2012,Brady 2012,3,C5H8N4O12,"[3-nitrooxy-2,2-bis(nitrooxymethyl)propyl] nitrate",78-11-5,O=N(=O)OCC(CON(=O)=O)(CON(=O)=O)CON(=O)=O,solid,130.0,-11.844267091343283,-5.856524816518824,-0.8257160969755901,6.458431637736533,-4.877847331476293,-3.345811777835312,-4.08522841643061,valid,0.5708446921574701,-11.140841211243,0.6807736270445742,-11.151390239812178,10,0
PETN,Pentaerythritol tetranitrate,50.0,98.0,141.0,11.56,6352.0,0.0,,Crimmins 1969 [53],Ewing 2013,1,C5H8N4O12,"[3-nitrooxy-2,2-bis(nitrooxymethyl)propyl] nitrate",78-11-5,O=N(=O)OCC(CON(=O)=O)(CON(=O)=O)CON(=O)=O,solid,74.0,-9.744712393090728,-5.462645048907946,-1.864918102081793,3.344259199379163,-8.096506266439734,-5.554374242220126,-6.73756589370589,valid,0.5708446921574701,-11.140841211243,0.6807736270445742,-11.151390239812178,10,0
PETN,Pentaerythritol tetranitrate,54.7,131.9,141.0,15.19,7856.0,0.0,,Cundall 1981 [54],Ewing 2013,1,C5H8N4O12,"[3-nitrooxy-2,2-bis(nitrooxymethyl)propyl] nitrate",78-11-5,O=N(=O)OCC(CON(=O)=O)(CON(=O)=O)CON(=O)=O,solid,93.30000000000001,-11.159153110850246,-5.86319576577784,-1.4136140758744613,5.02897044557977,-8.772177825224952,-4.205136402913224,-6.2481225269477445,valid,0.5708446921574701,-11.140841211243,0.6807736270445742,-11.151390239812178,10,0
PETN,Pentaerythritol tetranitrate,18.0,38.0,141.0,13.56,7243.0,0.0,,Dionne 1986 [40],Ewing 2013,1,C5H8N4O12,"[3-nitrooxy-2,2-bis(nitrooxymethyl)propyl] nitrate",78-11-5,O=N(=O)OCC(CON(=O)=O)(CON(=O)=O)CON(=O)=O,solid,28.0,-10.73314103639108,-5.8504247621599905,-1.7480418471943366,4.191830821962103,-11.317211059591278,-9.718161658364133,-10.491137306989872,valid,0.5708446921574701,-11.140841211243,0.6807736270445742,-11.151390239812178,10,0
PETN,Pentaerythritol tetranitrate,97.0,138.0,141.0,14.85,7750.0,0.0,,Edwards 1953 [50],Ewing 2013,1,C5H8N4O12,"[3-nitrooxy-2,2-bis(nitrooxymethyl)propyl] nitrate",78-11-5,O=N(=O)OCC(CON(=O)=O)(CON(=O)=O)CON(=O)=O,solid,117.5,-11.14362736877411,-5.919127696636744,-1.5295836415513069,4.826071913600206,-6.087457787383494,-3.9995682840812368,-4.988730321259441,valid,0.5708446921574701,-11.140841211243,0.6807736270445742,-11.151390239812178,10,0
PETN,Pentaerythritol tetranitrate,110.0,135.0,141.0,14.51582023,7465.522144,0.0,,Hikal 2014,Hikal 2014,29,C5H8N4O12,"[3-nitrooxy-2,2-bis(nitrooxymethyl)propyl] nitrate",78-11-5,O=N(=O)OCC(CON(=O)=O)(CON(=O)=O)CON(=O)=O,solid,122.5,-10.523663734447428,-5.490938832039394,-1.2625209810324431,4.859838668854039,-4.968773647071643,-3.775303484320716,-4.353185568053835,valid,0.5708446921574701,-11.140841211243,0.6807736270445742,-11.151390239812178,10,0
PETN,Pentaerythritol tetranitrate,83.0,109.0,141.0,16.51,8197.0,0.0,,Lau 2004 [61],Ewing 2013,1,C5H8N4O12,"[3-nitrooxy-2,2-bis(nitrooxymethyl)propyl] nitrate",78-11-5,O=N(=O)OCC(CON(=O)=O)(CON(=O)=O)CON(=O)=O,solid,96.0,-10.982872715076304,-5.457037384429853,-0.8143157561027152,5.907917609778181,-6.505583321634141,-4.939692529111603,-5.695065691453337,valid,0.5708446921574701,-11.140841211243,0.6807736270445742,-11.151390239812178,10,0
PGDN,Propylene Glycol Dinitrate,25.0,70.0,-30.0,8.713245793,3955.823584,0.0,0.08257345,Fettaka 2016,Fettaka 2016,28,C3H6N2O6,1-nitrooxypropan-2-yl nitrate,6423-43-4,O=N(=O)OCC(ON(=O)=O)C,liquid,47.5,-4.554651520432838,-1.8879161633178345,0.35263375876138525,3.596743711903188,-4.554651520432838,-2.814726184269416,-3.6236436004196175,valid,,,,,1,0
p-MNT,P-Nitrotoluene,128.0,184.0,52.0,4.36221327,1931.718,-68.661,,Aim 1994,Aim 1994,32,C7H7NO2,1-methyl-4-nitrobenzene,99-99-0,O=N(=O)C1=CC=C(C=C1)C,liquid,156.0,-4.055262077402274,-1.9819173882503813,-0.4134864400044753,1.6202002648288758,-1.4476571317275768,-0.6101746225786835,-0.9963912921364324,valid,0.12219042878982789,-3.9174800715788325,0.23700493004669454,-4.042279772999054,12,0
p-MNT,P-Nitrotoluene,143.0,226.0,52.0,4.26645327,1862.295,-75.321,,Ambrose 1980,Aim 1994,32,C7H7NO2,1-methyl-4-nitrobenzene,99-99-0,O=N(=O)C1=CC=C(C=C1)C,liquid,184.5,-4.091054056245686,-1.9864468841152814,-0.41469114129228934,1.5977550645657175,-1.1975624094169515,-0.127524018010023,-0.6044694170051716,valid,0.12219042878982789,-3.9174800715788325,0.23700493004669454,-4.042279772999054,12,0
p-MNT,P-Nitrotoluene,50.0,238.0,52.0,5.10067327,2608.9,0.0,,Berliner 1926,Aim 1994,32,C7H7NO2,1-methyl-4-nitrobenzene,99-99-0,O=N(=O)C1=CC=C(C=C1)C,liquid,144.0,-3.649620206438035,-1.8908850845491099,-0.4132229574120263,1.7262957235989131,-2.9726672839223287,-0.0033079488203080487,-1.1534319679240088,valid,0.12219042878982789,-3.9174800715788325,0.23700493004669454,-4.042279772999054,12,0
p-MNT,P-Nitrotoluene,147.71,233.25,51.85,4.08668327,1699.858,-90.468,,Dreisbach 1949,NIST,2,C7H7NO2,1-methyl-4-nitrobenzene,99-99-0,O=N(=O)C1=CC=C(C=C1)C,liquid,190.48000000000002,-4.098224425418959,-1.9266391205307034,-0.355276372732086,1.5967128298829323,-1.0582899739042109,-0.0001818906512607299,-0.4685983503150375,valid,0.12219042878982789,-3.9174800715788325,0.23700493004669454,-4.042279772999054,12,0
p-MNT,P-Nitrotoluene,148.0,233.0,52.0,4.64241327,2150.6,-43.15,,Dreisbach 1949,Aim 1994,32,C7H7NO2,1-methyl-4-nitrobenzene,99-99-0,O=N(=O)C1=CC=C(C=C1)C,liquid,190.5,-3.7913122201960787,-1.874556426969697,-0.3589820788372098,1.6963858727397256,-1.0470047194179894,-0.0025111360475165156,-0.47197436376932256,valid,0.12219042878982789,-3.9174800715788325,0.23700493004669454,-4.042279772999054,12,0
p-MNT,P-Nitrotoluene,138.0,238.0,52.0,5.16668327,2640.5,0.0,,Hara 1976,Aim 1994,32,C7H7NO2,1-methyl-4-nitrobenzene,99-99-0,O=N(=O)C1=CC=C(C=C1)C,liquid,188.0,-3.6895971257739397,-1.909559527802493,-0.41399938877628717,1.7514339652079158,-1.25554705956342,0.0008806680240631692,-0.5592193647175545,valid,0.12219042878982789,-3.9174800715788325,0.23700493004669454,-4.042279772999054,12,0
p-MNT,P-Nitrotoluene,92.0,118.0,52.0,6.35368327,3119.04,0.0,,Kahlbaum 1898,Aim 1994,32,C7H7NO2,1-methyl-4-nitrobenzene,99-99-0,O=N(=O)C1=CC=C(C=C1)C,liquid,105.0,-4.107628150425961,-2.004992865602305,-0.23839112501215265,2.319485507599431,-2.1881214677789957,-1.6203420399833828,-1.894472223851646,valid,0.12219042878982789,-3.9174800715788325,0.23700493004669454,-4.042279772999054,12,0
p-MNT,P-Nitrotoluene,24.0,36.0,52.0,9.861,4189.0,0.0,,Lenchitz 1970 [51],Ewing 2013,1,C7H7NO2,1-methyl-4-nitrobenzene,99-99-0,O=N(=O)C1=CC=C(C=C1)C,solid,30.0,-4.188974844876741,-1.3650485059627488,1.0075708549085913,4.4429051930414545,-4.236257277469292,-3.689056606825167,-3.9572417944911766,valid,0.010918361558108103,-4.211464161044354,0.03031863377255562,-4.201176558576602,4,0
p-MNT,P-Nitrotoluene,114.0,220.0,52.0,4.18612327,1802.23,-81.172,,Levin 1938,Aim 1994,32,C7H7NO2,1-methyl-4-nitrobenzene,99-99-0,O=N(=O)C1=CC=C(C=C1)C,liquid,167.0,-4.1199261912357015,-1.9863623282300047,-0.4116602790767345,1.5816618564868539,-1.7039407215288032,-0.1884549841786214,-0.8343236654667976,valid,0.12219042878982789,-3.9174800715788325,0.23700493004669454,-4.042279772999054,12,0
p-MNT,P-Nitrotoluene,86.0,121.0,52.0,8.33068327,4528.95,63.019,,Mann 1936,Aim 1994,32,C7H7NO2,1-methyl-4-nitrobenzene,99-99-0,O=N(=O)C1=CC=C(C=C1)C,liquid,103.5,-4.209014212342062,-2.052791942589616,-0.11618702649233725,2.914373887566544,-2.3971295253497296,-1.5758283263680823,-1.9701339356706296,valid,0.12219042878982789,-3.9174800715788325,0.23700493004669454,-4.042279772999054,12,0
p-MNT,P-Nitrotoluene,99.0,238.0,52.0,5.06918327,2579.75,0.0,,Salachijev 1973,Aim 1994,32,C7H7NO2,1-methyl-4-nitrobenzene,99-99-0,O=N(=O)C1=CC=C(C=C1)C,liquid,168.5,-3.5833406273670985,-1.8442563655353084,-0.3831045879731594,1.7325086273045334,-1.8628333899489462,0.02223032076787579,-0.7719805475025474,valid,0.12219042878982789,-3.9174800715788325,0.23700493004669454,-4.042279772999054,12,0
p-MNT,P-Nitrotoluene,8.11,38.99,51.55,8.465853397,3601.58526,-13.60604168,0.001008202,Stejfa 2021,Stejfa 2021,12,C7H7NO2,1-methyl-4-nitrobenzene,99-99-0,O=N(=O)C1=CC=C(C=C1)C,solid,23.55,-4.191541549160247,-1.5512395805283,0.6285503603837235,3.724080099288332,-4.990272126441875,-3.5983863975879338,-4.256372401718345,valid,0.010918361558108103,-4.211464161044354,0.03031863377255562,-4.201176558576602,4,0
p-MNT,P-Nitrotoluene,8.11,47.81,51.55,10.35682618,4823.252206,31.95300903,0.011115226,Stejfa 2021,Stejfa 2021,12,C7H7NO2,1-methyl-4-nitrobenzene,99-99-0,O=N(=O)C1=CC=C(C=C1)C,solid,27.96,-4.25452868214747,-1.549410254898497,0.8077795107620247,4.365975131248952,-5.042445456057818,-3.3101458005936415,-4.124674542782325,valid,0.010918361558108103,-4.211464161044354,0.03031863377255562,-4.201176558576602,4,0
p-MNT,P-Nitrotoluene,39.06,93.2,44.05,4.596093009,2081.81621,-56.79093163,0.000212956,Stejfa 2021,Stejfa 2021,12,C7H7NO2,1-methyl-4-nitrobenzene,99-99-0,O=N(=O)C1=CC=C(C=C1)C,liquid,66.13,-4.029297468595835,-1.9844555452939998,-0.40395711156079805,1.689985859778095,-3.5544974041804354,-2.1290086685632383,-2.77345308357045,valid,0.12219042878982789,-3.9174800715788325,0.23700493004669454,-4.042279772999054,12,0
p-MNT,P-Nitrotoluene,54.0,238.0,52.0,5.40033327,2889.12,23.37,,"Stull 1947, Wichterle 1970, 27",Aim 1994,32,C7H7NO2,1-methyl-4-nitrobenzene,99-99-0,O=N(=O)C1=CC=C(C=C1)C,liquid,146.0,-3.585484097504355,-1.8858565817098762,-0.4184051493990175,1.7731550447200322,-2.842049475635057,-0.0047404409930402736,-1.128456389224442,valid,0.12219042878982789,-3.9174800715788325,0.23700493004669454,-4.042279772999054,12,0
p-MNT,P-Nitrotoluene,10.0,40.0,52.0,8.891535566,3906.464798,0.0,0.004958099,Widegreen 2010,Widegreen 2010,4,C7H7NO2,1-methyl-4-nitrobenzene,99-99-0,O=N(=O)C1=CC=C(C=C1)C,solid,25.0,-4.210811567992957,-1.5773503994294522,0.6352430625655714,3.838874636038155,-4.90491436513191,-3.5832043286191926,-4.210811567992957,valid,0.010918361558108103,-4.211464161044354,0.03031863377255562,-4.201176558576602,4,0
RDX,Cyclotrimethylene trinitramine,69.25,123.95,210.0,9.880395317,5664.810599,-29.24639004,0.002922827,Bikelyte 2020,Bikelyte 2020,27,C3H6N6O6,"1,3,5-trinitro-1,3,5-triazinane",121-82-4,O=N(=O)N1CN(N(=O)=O)CN(N(=O)=O)C1,solid,96.6,-11.185928782712361,-6.591692893004206,-2.8809575350537493,2.265416006300593,-8.209163349507415,-5.519237704451077,-6.756170150442367,valid,0.4364807982559116,-10.879437379900693,0.638060509826298,-11.117891546877411,14,0
RDX,Cyclotrimethylene trinitramine,146.0,180.0,204.0,9.117539822,5672.754523,0.0,,Brady 2012,Brady 2012,3,C3H6N6O6,"1,3,5-trinitro-1,3,5-triazinane",121-82-4,O=N(=O)N1CN(N(=O)=O)CN(N(=O)=O)C1,solid,163.0,-9.90897207805031,-6.084803801207826,-2.8717965892860615,1.7803419651804955,-4.416408700008828,-3.4009518981809563,-3.88889035798395,valid,0.4364807982559116,-10.879437379900693,0.638060509826298,-11.117891546877411,14,0
RDX,Cyclotrimethylene trinitramine,157.0,190.0,204.0,12.3617196,7048.599441,0.0,,Brady 2012,Brady 2012,3,C3H6N6O6,"1,3,5-trinitro-1,3,5-triazinane",121-82-4,O=N(=O)N1CN(N(=O)=O)CN(N(=O)=O)C1,solid,173.5,-11.279398766594,-6.527733544847919,-2.5354577031808105,3.2449900636875117,-4.024655945739859,-2.8571067866997737,-3.4193157543042663,valid,0.4364807982559116,-10.879437379900693,0.638060509826298,-11.117891546877411,14,0
RDX,Cyclotrimethylene trinitramine,148.0,200.0,204.0,9.994814675,6048.853544,0.0,,Brady 2012,Brady 2012,3,C3H6N6O6,"1,3,5-trinitro-1,3,5-triazinane",121-82-4,O=N(=O)N1CN(N(=O)=O)CN(N(=O)=O)C1,solid,174.0,-10.293139522551567,-6.21543199255996,-2.789405010089295,2.1711665549715455,-4.367891116285765,-2.789405010089295,-3.53275670820474,valid,0.4364807982559116,-10.879437379900693,0.638060509826298,-11.117891546877411,14,0
RDX,Cyclotrimethylene trinitramine,151.0,176.0,204.0,11.6060472,6780.205451,0.0,,Brady 2012,Brady 2012,3,C3H6N6O6,"1,3,5-trinitro-1,3,5-triazinane",121-82-4,O=N(=O)N1CN(N(=O)=O)CN(N(=O)=O)C1,solid,163.5,-11.134873313164514,-6.5641402608066475,-2.7238808376202037,2.8364611546013077,-4.379348181350936,-3.4895900058332394,-3.9217335191114167,valid,0.4364807982559116,-10.879437379900693,0.638060509826298,-11.117891546877411,14,0
RDX,Cyclotrimethylene trinitramine,170.0,200.0,210.0,13.66894599,7671.812023,0.0,,Cuddy 2014,Cuddy 2014,6,C3H6N6O6,"1,3,5-trinitro-1,3,5-triazinane",121-82-4,O=N(=O)N1CN(N(=O)=O)CN(N(=O)=O)C1,solid,185.0,-12.062437618921686,-6.890646728745816,-2.5453877794177355,3.746147020847829,-3.6430522566433527,-2.5453877794177355,-3.0762510480879666,valid,0.4364807982559116,-10.879437379900693,0.638060509826298,-11.117891546877411,14,0
RDX,Cyclotrimethylene trinitramine,70.2,174.2,205.0,12.23,7011.0,0.0,,Cundall 1981 [54],Ewing 2013,1,C3H6N6O6,"1,3,5-trinitro-1,3,5-triazinane",121-82-4,O=N(=O)N1CN(N(=O)=O)CN(N(=O)=O)C1,solid,122.19999999999999,-11.285009223545195,-6.558690874983252,-2.58771108527951,3.161901959516264,-8.189397116644823,-3.4422923885101167,-5.5036537245478705,valid,0.4364807982559116,-10.879437379900693,0.638060509826298,-11.117891546877411,14,0
RDX,Cyclotrimethylene trinitramine,37.0,102.0,205.0,10.5,6473.0,0.0,,Dionne 1986 [40],Ewing 2013,1,C3H6N6O6,"1,3,5-trinitro-1,3,5-triazinane",121-82-4,O=N(=O)N1CN(N(=O)=O)CN(N(=O)=O)C1,solid,69.5,-11.210548381687072,-6.8469114297199525,-3.1806509563563363,2.1277565802237604,-10.370546509753346,-6.754431560709051,-8.390996643805632,valid,0.4364807982559116,-10.879437379900693,0.638060509826298,-11.117891546877411,14,0
RDX,Cyclotrimethylene trinitramine,110.0,138.0,205.0,8.99,5850.0,0.0,,Edwards 1953 [50],Ewing 2013,1,C3H6N6O6,"1,3,5-trinitro-1,3,5-triazinane",121-82-4,O=N(=O)N1CN(N(=O)=O)CN(N(=O)=O)C1,solid,124.0,-10.6309961428811,-6.687341551654832,-3.3739437810419535,1.4235510573627366,-6.278171734307714,-5.238383801532288,-5.739950900163667,valid,0.4364807982559116,-10.879437379900693,0.638060509826298,-11.117891546877411,14,0
RDX,Cyclotrimethylene trinitramine,74.85,109.85,205.85,7.579225571,5189.819059,0.0,,F�lix-Rivera 2011,F�lix-Rivera 2011,10,C3H6N6O6,"1,3,5-trinitro-1,3,5-triazinane",121-82-4,O=N(=O)N1CN(N(=O)=O)CN(N(=O)=O)C1,solid,92.35,-9.827512845904247,-6.328905365620663,-3.389429314342916,0.8666613092138,-7.334047587045978,-5.971215836310705,-6.620005780573187,valid,0.4364807982559116,-10.879437379900693,0.638060509826298,-11.117891546877411,14,0
RDX,Cyclotrimethylene trinitramine,73.85,95.85,204.0,12.19234475,6713.758396,0.0,,Hikal 2011,Hikal 2011,16,C3H6N6O6,"1,3,5-trinitro-1,3,5-triazinane",121-82-4,O=N(=O)N1CN(N(=O)=O)CN(N(=O)=O)C1,solid,84.85,-10.325711248658397,-5.7997720823730425,-1.9971477914773335,3.508701995036539,-7.155662154899137,-6.0021224478319795,-6.561170322625699,valid,0.4364807982559116,-10.879437379900693,0.638060509826298,-11.117891546877411,14,0
RDX,Cyclotrimethylene trinitramine,100.0,140.0,210.0,12.00125518,6887.910483,0.0,,Hikal 2014,Hikal 2014,29,C3H6N6O6,"1,3,5-trinitro-1,3,5-triazinane",121-82-4,O=N(=O)N1CN(N(=O)=O)CN(N(=O)=O)C1,solid,120.0,-11.100909780590309,-6.457569643797401,-2.55630686797633,3.0923623610127393,-6.457569643797401,-4.670439078743799,-5.518547650980542,valid,0.4364807982559116,-10.879437379900693,0.638060509826298,-11.117891546877411,14,0
RDX,Cyclotrimethylene trinitramine,7.0,31.0,210.0,13.4741852,7166.605633,0.0,0.115828665,Morrison 2021,Morrison 2021,34,C3H6N6O6,"1,3,5-trinitro-1,3,5-triazinane",121-82-4,O=N(=O)N1CN(N(=O)=O)CN(N(=O)=O)C1,solid,19.0,-10.562727873956064,-5.731511257188799,-1.6723975602240309,4.204825265963914,-12.107130641513475,-10.088549085714288,-11.056383456512066,valid,0.4364807982559116,-10.879437379900693,0.638060509826298,-11.117891546877411,14,0
RDX,Cyclotrimethylene trinitramine,231.85,246.85,210.0,7.67828915,4415.907819,0.0,0.002680949,Rogers 1973,Rogers 1973,9,C3H6N6O6,"1,3,5-trinitro-1,3,5-triazinane",121-82-4,O=N(=O)N1CN(N(=O)=O)CN(N(=O)=O)C1,liquid,239.35,-7.132738248960256,-4.155846771211309,-1.6547084596375354,1.9667094836998,-1.0660827688118806,-0.8138412711538452,-0.9381163504878041,valid,,,,,1,0
RDX,Cyclotrimethylene trinitramine,55.7,97.7,205.0,11.3,6799.0,0.0,,Rosen 1969 [58],Ewing 2013,1,C3H6N6O6,"1,3,5-trinitro-1,3,5-triazinane",121-82-4,O=N(=O)N1CN(N(=O)=O)CN(N(=O)=O)C1,solid,76.7,-11.503957739392924,-6.92055473670106,-3.069650216633203,2.5061048955571366,-9.375079823627797,-7.0335580423351765,-8.134043161354867,valid,0.4364807982559116,-10.879437379900693,0.638060509826298,-11.117891546877411,14,0
SA,styphnic acid,52.0,162.7,180.0,10.91,6301.0,0.0,,Cundall 1981 [54],Ewing 2013,1,C6H3N3O8,"2,4,6-trinitrobenzene-1,3-diol",82-71-3,O=N(=O)C=1C=C(C(O)=C(C1O)N(=O)=O)N(=O)=O,solid,107.35,-10.22365755492202,-5.975970789226853,-2.407129874247069,2.7602231132380517,-8.46874827002922,-3.5468085350464627,-5.649789750328516,valid,,,,,1,0
TATB,"1,3,5-Triamino-2,4,6-trinitrobenzene",129.3,177.3,350.0,11.85,8787.0,0.0,,Rosen 1969 [58],Ewing 2013,1,C6H6N6O6,"2,4,6-trinitrobenzene-1,3,5-triamine",3058-38-6,O=N(=O)C=1C(N)=C(C(N)=C(C1N)N(=O)=O)N(=O)=O,solid,153.3,-17.621742411537817,-11.698170976818977,-6.721277607524042,0.48480566513613077,-9.983768169959001,-7.657159507159507,-8.754994723883224,valid,,,,,1,0
TATP,Triacetone triperoxide,70.0,96.0,95.0,10.24236253,4371.608255,0.0,,Brady 2012,Brady 2012,3,C9H18O6,"3,3,6,6,9,9-hexamethyl-1,2,4,5,7,8-hexaoxonane",,CC1(OOC(OOC(OO1)(C)C)(C)C)C,solid,83.0,-4.4200834032550755,-1.4730555458408165,1.0029918124685597,4.5880803661249425,-2.4972797692860276,-1.6000003441703932,-2.03226404588095,valid,0.10169543116216584,-4.360436141576564,0.1999430371545174,-4.361776202569848,9,1
TATP,Triacetone triperoxide,70.0,96.0,95.0,10.29013492,4390.717212,0.0,,Brady 2012,Brady 2012,3,C9H18O6,"3,3,6,6,9,9-hexamethyl-1,2,4,5,7,8-hexaoxonane",,CC1(OOC(OOC(OO1)(C)C)(C)C)C,solid,83.0,-4.436402769082676,-1.4764930097869495,1.0103775238254258,4.611137038605704,-2.5051942713157516,-1.6039927029175125,-2.0381458942636534,valid,0.10169543116216584,-4.360436141576564,0.1999430371545174,-4.361776202569848,9,1
TATP,Triacetone triperoxide,77.0,96.0,95.0,10.22499075,4370.305371,0.0,,Brady 2012,Brady 2012,3,C9H18O6,"3,3,6,6,9,9-hexamethyl-1,2,4,5,7,8-hexaoxonane",,CC1(OOC(OOC(OO1)(C)C)(C)C)C,solid,86.5,-4.433085288906593,-1.4869357433672796,0.988373670849624,4.572393749417965,-2.2562469224261044,-1.6138427079439275,-1.9265603997289045,valid,0.10169543116216584,-4.360436141576564,0.1999430371545174,-4.361776202569848,9,1
TATP,Triacetone triperoxide,-3.3,33.8,91.0,10.85,4497.0,0.0,,Damour 2010 [56],Ewing 2013,1,C9H18O6,"3,3,6,6,9,9-hexamethyl-1,2,4,5,7,8-hexaoxonane",,CC1(OOC(OOC(OO1)(C)C)(C)C)C,solid,15.249999999999998,-4.233011906758344,-1.2014538389387663,1.34561449857339,5.03353488973679,-5.814813785436355,-3.800594559374492,-4.742926490984745,valid,0.10169543116216584,-4.360436141576564,0.1999430371545174,-4.361776202569848,9,1
TATP,Triacetone triperoxide,75.0,94.0,95.0,12.08957846,5025.216444,0.0,0.04766692,Egorshev 2013,Egorshev 2013,30,C9H18O6,"3,3,6,6,9,9-hexamethyl-1,2,4,5,7,8-hexaoxonane",,CC1(OOC(OOC(OO1)(C)C)(C)C)C,solid,84.5,-4.765080081002852,-1.3774359953128759,1.4688103230455454,5.589912878935524,-2.344477102257647,-1.5975152183331058,-1.9610756543576127,valid,0.10169543116216584,-4.360436141576564,0.1999430371545174,-4.361776202569848,9,1
TATP,Triacetone triperoxide,98.5,142.7,95.0,6.254441323,2875.877984,0.0,0.024075265,Egorshev 2013,Egorshev 2013,30,C9H18O6,"3,3,6,6,9,9-hexamethyl-1,2,4,5,7,8-hexaoxonane",,CC1(OOC(OOC(OO1)(C)C)(C)C)C,liquid,120.6,-3.391300699471911,-1.452587978889322,0.1762885511517478,2.5347517621127205,-1.4836939763407786,-0.6612205358433343,-1.0493757792222231,valid,,,,,1,0
TATP,Triacetone triperoxide,29.85,64.85,95.0,8.270796104,3768.503508,0.0,,F�lix-Rivera 2011,F�lix-Rivera 2011,10,C9H18O6,"3,3,6,6,9,9-hexamethyl-1,2,4,5,7,8-hexaoxonane",,CC1(OOC(OOC(OO1)(C)C)(C)C)C,solid,47.349999999999994,-4.368826595983229,-1.8283691325000664,0.30608405073993517,3.3965756965758267,-4.166509202930692,-2.878622558721892,-3.48740516901092,valid,0.10169543116216584,-4.360436141576564,0.1999430371545174,-4.361776202569848,9,1
TATP,Triacetone triperoxide,1.15,40.95,95.0,5.825890991,2237.989869,-74.28251352,0.015763961,Hartel 2017,Hartel 2017,31,C9H18O6,"3,3,6,6,9,9-hexamethyl-1,2,4,5,7,8-hexaoxonane",,CC1(OOC(OOC(OO1)(C)C)(C)C)C,solid,21.05,-4.1710491819086695,-1.662343662285931,0.21503037974730166,2.623581665848634,-5.3630800754061365,-3.5061635720297133,-4.350607043882416,valid,0.10169543116216584,-4.360436141576564,0.1999430371545174,-4.361776202569848,9,1
TATP,Triacetone triperoxide,12.0,58.0,91.0,14.79,5708.0,0.0,,Oxley 2005 [32],Ewing 2013,1,C9H18O6,"3,3,6,6,9,9-hexamethyl-1,2,4,5,7,8-hexaoxonane",,CC1(OOC(OOC(OO1)(C)C)(C)C)C,solid,35.0,-4.3547258091564665,-0.5067975345035531,2.726172461164534,7.407215288107094,-5.227534630896024,-2.4469017061754528,-3.733446373519392,valid,0.10169543116216584,-4.360436141576564,0.1999430371545174,-4.361776202569848,9,1
TATP,Triacetone triperoxide,15.0,50.0,91.0,8.64,3787.0,0.0,,Oxley 2009 [31],Ewing 2013,1,C9H18O6,"3,3,6,6,9,9-hexamethyl-1,2,4,5,7,8-hexaoxonane",,CC1(OOC(OOC(OO1)(C)C)(C)C)C,solid,32.5,-4.0616602381351665,-1.5087337531823657,0.6361957096058326,3.7418560434585793,-4.502460524032623,-3.0790159368714214,-3.7499885489939473,valid,0.10169543116216584,-4.360436141576564,0.1999430371545174,-4.361776202569848,9,1
TATP,Triacetone triperoxide,40.0,59.0,91.0,12.45,4788.0,0.0,,Oxley 2010 [47],Ewing 2013,1,C9H18O6,"3,3,6,6,9,9-hexamethyl-1,2,4,5,7,8-hexaoxonane",,CC1(OOC(OOC(OO1)(C)C)(C)C)C,solid,49.5,-3.6090306892503783,-0.3813010853544174,2.330587551516432,6.257152557718424,-2.839797221778703,-1.965173867228664,-2.3896094839609496,outlier,0.10169543116216584,-4.360436141576564,0.1999430371545174,-4.361776202569848,9,1
tetryl,"N-Methyl-n,2,4,6-tetranitroaniline",62.2,142.8,130.0,12.3,6987.0,0.0,,Cundall 1981 [54],Ewing 2013,1,C7H5N5O8,"N-methyl-N-(2,4,6-trinitrophenyl)nitramide",479-45-8,O=N(=O)C=1C=C(C(=C(C1)N(=O)=O)N(N(=O)=O)C)N(=O)=O,Unknown,102.5,-11.134512829112865,-6.424373576309794,-2.466987213357287,3.262943801332213,-8.534948561204715,-4.497692030292104,-6.299760415280183,valid,,,,,1,0
TEX,"4,10-Dinitro-2,6,8,12-tetraoxa-4,10-diaza-tetracyclododecane",134.0,237.0,250.0,9.473661297,5999.778267,0.0,,Brady 2012,Brady 2012,3,C6H6N4O8,"4,10-dinitro-2,6,8,12-tetraoxa-4,10-diazatetracyclo[5.5.0.03,11.05,9]dodecane",130919-56-1,O=N(=O)N1C2OC3OC2N(N(=O)=O)C4OC3OC14,solid,185.5,-10.64969361495707,-6.605069151881146,-3.2068380520436435,1.7134876347093702,-5.262377673895248,-2.2871507523972365,-3.6077259634382433,outlier,0.07571640358712095,-11.515424308318803,0.05353958242351066,-11.477566106525241,2,1
TEX,"4,10-Dinitro-2,6,8,12-tetraoxa-4,10-diaza-tetracyclododecane",174.0,247.0,250.0,10.49425333,6550.897965,0.0,,Brady 2012,Brady 2012,3,C6H6N4O8,"4,10-dinitro-2,6,8,12-tetraoxa-4,10-diazatetracyclo[5.5.0.03,11.05,9]dodecane",130919-56-1,O=N(=O)N1C2OC3OC2N(N(=O)=O)C4OC3OC14,solid,210.5,-11.477566106525241,-7.0614158780932605,-3.351034559675581,2.0212558974189996,-4.156083167819526,-2.0999944158425468,-3.050454547597438,valid,0.07571640358712095,-11.515424308318803,0.05353958242351066,-11.477566106525241,2,1
TEX,"4,10-Dinitro-2,6,8,12-tetraoxa-4,10-diaza-tetracyclododecane",147.0,237.0,250.0,10.7244294,6642.099806,0.0,,Brady 2012,Brady 2012,3,C6H6N4O8,"4,10-dinitro-2,6,8,12-tetraoxa-4,10-diazatetracyclo[5.5.0.03,11.05,9]dodecane",130919-56-1,O=N(=O)N1C2OC3OC2N(N(=O)=O)C4OC3OC14,solid,192.0,-11.553282510112362,-7.075650476725178,-3.3136130939237045,2.1334705873504483,-5.084447920004761,-2.295466328707244,-3.555049920649253,valid,0.07571640358712095,-11.515424308318803,0.05353958242351066,-11.477566106525241,2,1
TNA,"2,4,6-Trinitroaniline",53.0,175.7,370.0,11.29,6545.0,0.0,,Cundall 1981 [54],Ewing 2013,1,C6H4N4O6,"2,4,6-trinitroaniline",489-98-5,O=N(=O)C=1C=C(C(N)=C(C1)N(=O)=O)N(=O)=O,solid,114.35,-10.662037564984072,-6.249863325740321,-2.5428225721230078,2.8246310547759155,-8.77745362563238,-3.291708811406931,-5.600322580645162,valid,0.21494298172060855,-10.87698054670468,0.3039752798861969,-10.87698054670468,2,0
TNA,"2,4,6-Trinitroaniline",55.7,97.6,370.0,9.22,6056.0,0.0,,Rosen 1969 [58],Ewing 2013,1,C6H4N4O6,"2,4,6-trinitroaniline",489-98-5,O=N(=O)C=1C=C(C(N)=C(C1)N(=O)=O)N(=O)=O,solid,76.65,-11.091923528425289,-7.009398365268661,-3.579323681707704,1.3871085817758528,-9.195691044549188,-7.114457181389076,-8.092750142938824,valid,0.21494298172060855,-10.87698054670468,0.3039752798861969,-10.87698054670468,2,0
TNAZ,"1,3,3-Trinitroazeditine",71.0,96.0,101.0,14.47673373,6530.920419,0.0,,Brady 2012,Brady 2012,3,C3H4N4O6,"1,3,3-trinitroazetidine",97645-24-4,O=N(=O)N1CC(N(=O)=O)(N(=O)=O)C1,solid,83.5,-7.428080688916655,-3.0253979033914007,0.6736682771837668,6.0295754567024495,-4.500225209415955,-3.2150458149004493,-3.8351137927814385,valid,0.18083562420677257,-7.412475196618594,0.24969548273551792,-7.448524501663594,6,0
TNAZ,"1,3,3-Trinitroazeditine",70.0,100.0,101.0,14.36381716,6519.194468,0.0,,Brady 2012,Brady 2012,3,C3H4N4O6,"1,3,3-trinitroazetidine",97645-24-4,O=N(=O)N1CC(N(=O)=O)(N(=O)=O)C1,solid,85.0,-7.501668226550393,-3.1068902445290085,0.5855344420458621,5.931825349872598,-4.634272503412504,-3.1068902445290085,-3.8385965437554113,valid,0.18083562420677257,-7.412475196618594,0.24969548273551792,-7.448524501663594,6,0
TNAZ,"1,3,3-Trinitroazeditine",73.0,94.0,101.0,16.14442454,7138.932694,0.0,,Brady 2012,Brady 2012,3,C3H4N4O6,"1,3,3-trinitroazetidine",97645-24-4,O=N(=O)N1CC(N(=O)=O)(N(=O)=O)C1,solid,83.5,-7.799673041754154,-2.9871115554039953,1.05632838867378,6.910857064089761,-4.479387951694356,-3.299760926430615,-3.8722099588083587,valid,0.18083562420677257,-7.412475196618594,0.24969548273551792,-7.448524501663594,6,0
TNAZ,"1,3,3-Trinitroazeditine",70.0,97.0,101.0,13.59077299,6180.879066,0.0,,Brady 2012,Brady 2012,3,C3H4N4O6,"1,3,3-trinitroazetidine",97645-24-4,O=N(=O)N1CC(N(=O)=O)(N(=O)=O)C1,solid,83.5,-7.139996978136848,-2.973287216351336,0.5275180687276748,5.59636172957188,-4.421405549997088,-3.1075359820383657,-3.739604315481566,valid,0.18083562420677257,-7.412475196618594,0.24969548273551792,-7.448524501663594,6,0
TNAZ,"1,3,3-Trinitroazeditine",70.0,97.0,101.0,15.43218159,6827.977844,0.0,,Brady 2012,Brady 2012,3,C3H4N4O6,"1,3,3-trinitroazetidine",97645-24-4,O=N(=O)N1CC(N(=O)=O)(N(=O)=O)C1,solid,83.5,-7.468968314410533,-2.866030507011926,1.0012868547152074,6.600806250156504,-4.465757631914615,-3.0143342657341616,-3.7125761388658365,valid,0.18083562420677257,-7.412475196618594,0.24969548273551792,-7.448524501663594,6,0
TNAZ,"1,3,3-Trinitroazeditine",73.0,93.0,101.0,13.49088525,6150.044158,0.0,,Brady 2012,Brady 2012,3,C3H4N4O6,"1,3,3-trinitroazetidine",97645-24-4,O=N(=O)N1CC(N(=O)=O)(N(=O)=O)C1,solid,83.0,-7.136463929942982,-2.9905408735428107,0.4927997422329078,5.536356170261269,-4.276106395240502,-3.3056302709613536,-3.777243791134355,valid,0.18083562420677257,-7.412475196618594,0.24969548273551792,-7.448524501663594,6,0
TNB,"1,3,5-Trinitrobenzene",40.8,121.6,123.0,11.11,5608.0,0.0,,Cundall 1981 [54],Ewing 2013,1,C6H3N3O6,"1,3,5-trinitrobenzene",99-35-4,O=N(=O)C=1C=C(C=C(C1)N(=O)=O)N(=O)=O,solid,81.19999999999999,-7.699324165688413,-3.9188087900308197,-0.7424780724928688,3.856556295673543,-6.752716993151775,-3.0964597846738453,-4.716160575701991,valid,,,,,1,0
TNC,"2,4,6-Trinitro-m-cresol",36.9,92.5,108.0,10.71,5808.0,0.0,,Cundall 1981 [54],Ewing 2013,1,C7H5N3O7,"3-methyl-2,4,6-trinitrophenol",602-99-3,O=N(=O)C=1C=C(C(=C(C1O)N(=O)=O)C)N(=O)=O,solid,64.7,-8.770127452624518,-4.854786278976283,-1.565177005178061,3.1978742805406464,-8.022462506047415,-5.17404211677834,-6.481061121799616,valid,,,,,1,0
TNM,"2,4,6-Trinitromesitylene",46.0,124.5,229.0,9.75,5410.0,0.0,,Cundall 1981 [54],Ewing 2013,1,C9H9N3O6,"1,3,5-trimethyl-2,4,6-trinitrobenzene",602-96-0,O=N(=O)C=1C(=C(C(=C(C1C)N(=O)=O)C)N(=O)=O)C,solid,85.25,-8.395228911621668,-4.748191075974811,-1.6840061291345236,2.7526514906551123,-7.201276829077237,-3.854928957626054,-5.344866071428573,valid,,,,,1,0
TNP,picric acid,40.9,132.9,123.0,9.39,5488.0,0.0,,Cundall 1981 [54],Ewing 2013,1,C6H3N3O7,"2,4,6-trinitrophenol",88-89-1,O=N(=O)C=1C=C(C(O)=C(C1)N(=O)=O)N(=O)=O,Unknown,86.9,-9.016842193526749,-5.317222296663541,-2.2088587128817494,2.2917655047532826,-8.084924375099508,-4.125576899396627,-5.852327454520207,valid,,,,,1,0
TNT,"2,4,6-Trinitrotoluene",28.3,76.0,81.0,11.64,5900.0,0.0,,Cundall 1981 [54],Ewing 2013,1,C7H5N3O6,"2-methyl-1,3,5-trinitrobenzene",118-96-7,O=N(=O)C=1C=C(C(=C(C1)N(=O)=O)C)N(=O)=O,solid,52.15,-8.148696964615127,-4.171335923891197,-0.8296185142132515,4.0088805535795125,-7.93206833637419,-5.258181297436632,-6.497104211497081,valid,0.2703162118262643,-8.140678038918956,0.39102047810356555,-8.148696964615127,11,0
TNT,"2,4,6-Trinitrotoluene",20.0,140.0,81.0,10.37,5481.0,0.0,,Dionne 1986 [40],Ewing 2013,1,C7H5N3O6,"2-methyl-1,3,5-trinitrobenzene",118-96-7,O=N(=O)C=1C=C(C(=C(C1)N(=O)=O)C)N(=O)=O,Unknown,80.0,-8.013364078483987,-4.31846308455045,-1.2140642502377688,3.280819375282933,-8.326912843254307,-2.8963681471620486,-5.150317145688803,valid,0.1272287439208446,-8.14059282240483,0.1799286151765519,-8.14059282240483,2,0
TNT,"2,4,6-Trinitrotoluene",50.0,143.0,81.0,12.46,6180.0,0.0,,Edwards 1950 [49],Ewing 2013,1,C7H5N3O6,"2-methyl-1,3,5-trinitrobenzene",118-96-7,O=N(=O)C=1C=C(C(=C(C1)N(=O)=O)C)N(=O)=O,Unknown,96.5,-8.267821566325676,-4.101704408414847,-0.6013970199725236,4.466725732393456,-6.66424570632833,-2.3904145139973565,-4.258517516569729,valid,0.1272287439208446,-8.14059282240483,0.1799286151765519,-8.14059282240483,2,0
TNT,"2,4,6-Trinitrotoluene",39.85,64.85,80.85,10.85515228,5578.078326,0.0,,F�lix-Rivera 2011,F�lix-Rivera 2011,10,C7H5N3O6,"2-methyl-1,3,5-trinitrobenzene",118-96-7,O=N(=O)C=1C=C(C(=C(C1)N(=O)=O)C)N(=O)=O,solid,52.349999999999994,-7.8538140993392584,-4.0934697915529945,-0.9340864941730942,3.6404095703058923,-6.966184224792331,-5.648038033609465,-6.281801102488478,valid,0.2703162118262643,-8.140678038918956,0.39102047810356555,-8.148696964615127,11,0
TNT,"2,4,6-Trinitrotoluene",50.47459547,70.49261168,81.0,10.15116069,5236.722863,0.0,,Hikal 2011,Hikal 2011,16,C7H5N3O6,"2-methyl-1,3,5-trinitrobenzene",118-96-7,O=N(=O)C=1C=C(C(=C(C1)N(=O)=O)C)N(=O)=O,solid,60.483603575,-7.412893856369278,-3.8826671620702147,-0.9166251347912944,3.377930575533208,-6.030312956632786,-5.087702841500677,-5.544868747342926,valid,0.2703162118262643,-8.140678038918956,0.39102047810356555,-8.148696964615127,11,0
TNT,"2,4,6-Trinitrotoluene",55.0,80.0,80.4,8.370553313,5075.59961,0.0,,Hikal 2014,Hikal 2014,29,C7H5N3O6,"2-methyl-1,3,5-trinitrobenzene",118-96-7,O=N(=O)C=1C=C(C(=C(C1)N(=O)=O)C)N(=O)=O,solid,67.5,-8.653091194798089,-5.231482356301891,-2.3566993764219593,1.8057216373872471,-7.096762274383821,-6.001808601200766,-6.529196019159109,valid,0.2703162118262643,-8.140678038918956,0.39102047810356555,-8.148696964615127,11,0
TNT,"2,4,6-Trinitrotoluene",12.0,40.0,81.0,16.42,7371.0,0.0,,Leggett 1977 [30],Ewing 2013,1,C7H5N3O6,"2-methyl-1,3,5-trinitrobenzene",118-96-7,O=N(=O)C=1C=C(C(=C(C1)N(=O)=O)C)N(=O)=O,solid,26.0,-8.302455140030187,-3.3334503550850876,0.8414308358871398,6.8862743322770505,-9.42955286691215,-7.118240459843527,-8.219812802941668,valid,0.2703162118262643,-8.140678038918956,0.39102047810356555,-8.148696964615127,11,0
TNT,"2,4,6-Trinitrotoluene",55.0,76.0,81.0,10.41,5478.0,0.0,,Lenchitz 1970 [51],Ewing 2013,1,C7H5N3O6,"2-methyl-1,3,5-trinitrobenzene",118-96-7,O=N(=O)C=1C=C(C(=C(C1)N(=O)=O)C)N(=O)=O,solid,65.5,-7.963302029179943,-4.270423422216268,-1.1677237662474909,3.3246996055099265,-6.2835852506475725,-5.279531719891166,-5.76599291303706,valid,0.2703162118262643,-8.140678038918956,0.39102047810356555,-8.148696964615127,11,0
TNT,"2,4,6-Trinitrotoluene",50.0,80.0,80.5,14.12921976,6722.75565,0.0,0.070832235,Liu 2013,Liu 2013,11,C7H5N3O6,"2-methyl-1,3,5-trinitrobenzene",118-96-7,O=N(=O)C=1C=C(C(=C(C1)N(=O)=O)C)N(=O)=O,solid,65.0,-8.419013176441391,-3.8870087004046656,-0.07928842979182171,5.433939866059626,-6.674604006052919,-4.907324626238145,-5.751766932296318,valid,0.2703162118262643,-8.140678038918956,0.39102047810356555,-8.148696964615127,11,0
TNT,"2,4,6-Trinitrotoluene",90.0,150.0,80.5,7.988562343,4526.736511,0.0,0.037685321,Liu 2013,Liu 2013,11,C7H5N3O6,"2-methyl-1,3,5-trinitrobenzene",118-96-7,O=N(=O)C=1C=C(C(=C(C1)N(=O)=O)C)N(=O)=O,liquid,120.0,-7.194186310362403,-4.142581998417661,-1.5786711157340179,2.1336357297942827,-4.476635264049429,-2.7091488965131756,-3.5254565073115867,valid,0.7539122138341448,-6.56953960631179,0.6671076795866047,-6.424736709709878,5,1
TNT,"2,4,6-Trinitrotoluene",230.0,250.0,81.0,5.7,3538.0,0.0,,Maksimov 1968 [25],Ewing 2013,1,C7H5N3O6,"2-methyl-1,3,5-trinitrobenzene",118-96-7,O=N(=O)C=1C=C(C(=C(C1)N(=O)=O)C)N(=O)=O,liquid,240.0,-6.166510145899715,-3.781441779445264,-1.7775441192010994,1.1239151522990367,-1.3317002881844378,-1.0628787154735733,-1.1946701744129395,valid,0.7539122138341448,-6.56953960631179,0.6671076795866047,-6.424736709709878,5,1
TNT,"2,4,6-Trinitrotoluene",80.0,120.0,81.0,-2.22,165.0,0.0,,Menzies 1920 [28],Ewing 2013,1,C7H5N3O6,"2-methyl-1,3,5-trinitrobenzene",118-96-7,O=N(=O)C=1C=C(C(=C(C1)N(=O)=O)C)N(=O)=O,liquid,100.0,-2.7734127117222878,-2.6621814283800083,-2.568726619465286,-2.433412662484641,-2.6872235593940252,-2.639687142312095,-2.6621814283800083,outlier,0.7539122138341448,-6.56953960631179,0.6671076795866047,-6.424736709709878,5,1
TNT,"2,4,6-Trinitrotoluene",12.0,45.0,81.0,15.59,7145.0,0.0,,Oxley 2005 [32],Ewing 2013,1,C7H5N3O6,"2-methyl-1,3,5-trinitrobenzene",118-96-7,O=N(=O)C=1C=C(C(=C(C1)N(=O)=O)C)N(=O)=O,solid,28.5,-8.37444742579239,-3.5577957925767123,0.48908062982140876,6.3485850093772225,-9.466987550412068,-6.867960081722458,-8.096391513343281,valid,0.2703162118262643,-8.140678038918956,0.39102047810356555,-8.148696964615127,11,0
TNT,"2,4,6-Trinitrotoluene",15.0,55.0,81.0,8.04,4723.0,0.0,,Oxley 2009 [31],Ewing 2013,1,C7H5N3O6,"2-methyl-1,3,5-trinitrobenzene",118-96-7,O=N(=O)C=1C=C(C(=C(C1)N(=O)=O)C)N(=O)=O,solid,35.0,-7.801019620996145,-4.61710840144714,-1.9420352953608813,1.9312242126366153,-8.350768696859276,-6.352808166996802,-7.286951160149281,valid,0.2703162118262643,-8.140678038918956,0.39102047810356555,-8.148696964615127,11,0
TNT,"2,4,6-Trinitrotoluene",14.0,56.5,81.0,9.43,5175.0,0.0,,Pella 1976 [44],Ewing 2013,1,C7H5N3O6,"2-methyl-1,3,5-trinitrobenzene",118-96-7,O=N(=O)C=1C=C(C(=C(C1)N(=O)=O)C)N(=O)=O,solid,35.25,-7.927035049471744,-4.438417526463889,-1.5073348832294204,2.7366028584362665,-8.59193975274247,-6.268468072197788,-7.350155642023349,valid,0.2703162118262643,-8.140678038918956,0.39102047810356555,-8.148696964615127,11,0
TNT,"2,4,6-Trinitrotoluene",220.0,350.0,81.0,6.23,3850.0,0.0,,Robertson 1948 [36],Ewing 2013,1,C7H5N3O6,"2-methyl-1,3,5-trinitrobenzene",118-96-7,O=N(=O)C=1C=C(C(=C(C1)N(=O)=O)C)N(=O)=O,liquid,285.0,-6.682963273520041,-4.087566662200187,-1.9069544541900036,1.2503712086917158,-1.5769552874378991,0.051712268314210164,-0.6677873331541697,valid,0.7539122138341448,-6.56953960631179,0.6671076795866047,-6.424736709709878,5,1
TNT,"2,4,6-Trinitrotoluene",51.14,78.27,80.4,16.35232706,7466.873648,0.0,0.060874688,Zhang 2014,Zhang 2014,8,C7H5N3O6,"2-methyl-1,3,5-trinitrobenzene",118-96-7,O=N(=O)C=1C=C(C(=C(C1)N(=O)=O)C)N(=O)=O,solid,64.705,-8.691689871074963,-3.6580538806404945,0.5711294524759598,6.694597449963139,-6.67297019862654,-4.895392614463606,-5.748496216257568,valid,0.2703162118262643,-8.140678038918956,0.39102047810356555,-8.148696964615127,11,0
TNT,"2,4,6-Trinitrotoluene",87.31,144.3,80.4,8.455740635,4656.760775,0.0,0.029050634,Zhang 2014,Zhang 2014,8,C7H5N3O6,"2-methyl-1,3,5-trinitrobenzene",118-96-7,O=N(=O)C=1C=C(C(=C(C1)N(=O)=O)C)N(=O)=O,liquid,115.805,-7.163111536725642,-4.023854099021172,-1.3862984118139074,2.4326393286558234,-4.463198428973811,-2.699513347512875,-3.516751748437672,valid,0.7539122138341448,-6.56953960631179,0.6671076795866047,-6.424736709709878,5,1
TNT,"2,4,6-Trinitrotoluene",81.6,102.6,80.4,3.2499,2650.8,0.0,0.006344823,Menzies 1920,Menzies 1920,35,C7H5N3O6,"2-methyl-1,3,5-trinitrobenzene",118-96-7,O=N(=O)C=1C=C(C(=C(C1)N(=O)=O)C)N(=O)=O,liquid,92.1,-5.64092676505115,-3.8539456384831845,-2.352551653809575,-0.17867142857142904,-4.222404439746301,-3.804790618762476,-4.007594866529775,valid,0.7539122138341448,-6.56953960631179,0.6671076795866047,-6.424736709709878,5,1
TNX,"2,4,6-Trinitro-m-xylene",39.45,83.95,112.0,9.256431291,4687.551509,-28.0930356,0.007373187,Bikelyte 2020,Bikelyte 2020,27,C8H7N3O6,"2,4-dimethyl-1,3,5-trinitrobenzene",632-92-8,O=N(=O)C=1C=C(C(=C(C1C)N(=O)=O)C)N(=O)=O,solid,61.7,-8.101208492201236,-4.32843147840075,-1.2760440637436012,2.9648969077533165,-7.219620600684381,-4.991144037833983,-6.024563284522017,valid,,,,,1,0
TNX,"2,4,6-Trinitro-m-xylene",45.5,138.5,112.0,12.94,6779.0,0.0,,Cundall 1981 [54],Ewing 2013,1,C8H7N3O6,"2,4-dimethyl-1,3,5-trinitrobenzene",632-92-8,O=N(=O)C=1C=C(C(=C(C1C)N(=O)=O)C)N(=O)=O,Unknown,92.0,-9.796877410699315,-5.226956987806515,-1.3873803233646846,4.171973097070426,-8.334125215753962,-3.527873193246693,-5.624973298644393,valid,,,,,1,0
UN,Urea nitrate,69.0,124.0,160.0,9.803725103,4857.58378,0.0,,Brady 2012,Brady 2012,3,CH5N2ONO3,nitric acid;urea,124-47-0,O=C(N)N.O=N(=O)O,solid,96.5,-6.488690727957573,-3.2140526807330847,-0.4627522931745762,3.5208772985636028,-4.393509384797751,-2.4273809778258855,-3.33731041708657,valid,0.7519914945663269,-7.680207939457761,0.960814640335265,-7.690624919411371,8,0
UN,Urea nitrate,80.0,134.0,160.0,9.986128786,5040.856051,0.0,,Brady 2012,Brady 2012,3,CH5N2ONO3,nitric acid;urea,124-47-0,O=C(N)N.O=N(=O)O,solid,107.0,-6.920985253912795,-3.522798055752647,-0.667693576887034,3.466234779662291,-4.287851253643211,-2.3947039562325916,-3.2740475943761673,valid,0.7519914945663269,-7.680207939457761,0.960814640335265,-7.690624919411371,8,0
UN,Urea nitrate,75.0,144.0,160.0,12.93498832,5893.810414,0.0,,Brady 2012,Brady 2012,3,CH5N2ONO3,nitric acid;urea,124-47-0,O=C(N)N.O=N(=O)O,solid,109.5,-6.832948671447257,-2.8597602100817365,0.47845146276656436,5.311874546476105,-3.9939515450007175,-1.193767317061008,-2.4676261161688213,valid,0.7519914945663269,-7.680207939457761,0.960814640335265,-7.690624919411371,8,0
UN,Urea nitrate,69.0,139.0,160.0,13.43876992,6233.862993,0.0,,Brady 2012,Brady 2012,3,CH5N2ONO3,nitric acid;urea,124-47-0,O=C(N)N.O=N(=O)O,solid,104.0,-7.469709010068756,-3.267281247090983,0.2635337517658254,5.375828714541809,-4.780908563121438,-1.6864587418949402,-3.0900992116452333,valid,0.7519914945663269,-7.680207939457761,0.960814640335265,-7.690624919411371,8,0
UN,Urea nitrate,71.0,138.0,160.0,12.45292144,6224.742809,0.0,,Brady 2012,Brady 2012,3,CH5N2ONO3,nitric acid;urea,124-47-0,O=C(N)N.O=N(=O)O,solid,104.5,-8.424968243045448,-4.228688660495781,-0.7030392680207136,4.401776372419324,-5.634374242115356,-2.686912705688922,-4.0299140134622,valid,0.7519914945663269,-7.680207939457761,0.960814640335265,-7.690624919411371,8,0
UN,Urea nitrate,80.0,133.0,160.0,11.16740978,5688.389124,0.0,,Brady 2012,Brady 2012,3,CH5N2ONO3,nitric acid;urea,124-47-0,O=C(N)N.O=N(=O)O,solid,106.5,-7.911540828753985,-4.076832814131048,-0.854970277064357,3.8099899727181006,-4.940162424445706,-2.838226374130249,-3.8158356407823018,valid,0.7519914945663269,-7.680207939457761,0.960814640335265,-7.690624919411371,8,0
UN,Urea nitrate,80.0,137.0,160.0,10.95026254,5643.656792,0.0,,Brady 2012,Brady 2012,3,CH5N2ONO3,nitric acid;urea,124-47-0,O=C(N)N.O=N(=O)O,solid,108.5,-7.978655092064397,-4.174102439230872,-0.977575972099757,3.6506999816348706,-5.03064300155458,-2.8097198859417283,-3.83725689403642,valid,0.7519914945663269,-7.680207939457761,0.960814640335265,-7.690624919411371,8,0
UN,Urea nitrate,80.0,120.0,152.0,19.91,8743.0,0.0,,Oxley 2010 [47],Ewing 2013,1,CH5N2ONO3,nitric acid;urea,124-47-0,O=C(N)N.O=N(=O)O,solid,100.0,-9.414165688411874,-3.520255929250972,1.4317161576667026,8.601715708465369,-4.847185332011893,-2.328331425664505,-3.520255929250972,valid,0.7519914945663269,-7.680207939457761,0.960814640335265,-7.690624919411371,8,0
